hotel,city,room_type,season,day_of_week,is_holiday,is_weekend,occupancy,demand,booking_lead_time_days,competitor_price,room_price
The Meridian,Bengaluru,Standard,Shoulder,Wednesday,0,0,10.0,45.96,16,6791.59,5743.83
Lakeside Inn,Hyderabad,Suite,Peak,Wednesday,1,0,67.42,90.97,9,11691.3,15167.65
Royal Residency,Jaipur,Deluxe,Low,Sunday,0,1,49.01,51.79,33,6987.43,7001.9
Lakeside Inn,Goa,Standard,High,Saturday,0,1,54.05,75.1,94,7258.34,8051.67
Lakeside Inn,Goa,Standard,High,Wednesday,1,0,64.01,71.15,122,6382.27,7322.66
City View,Goa,Executive,High,Sunday,0,1,42.25,52.26,16,9255.46,10772.43
Royal Residency,Bengaluru,Deluxe,Shoulder,Wednesday,0,0,41.59,40.17,60,5704.59,6302.9
Royal Residency,Jaipur,Standard,Peak,Sunday,0,1,56.88,83.17,78,7809.96,8935.64
Royal Residency,Mumbai,Deluxe,Low,Friday,0,0,39.81,46.44,20,6726.14,6801.48
Lakeside Inn,Hyderabad,Standard,Low,Thursday,0,0,21.69,20.77,54,1800.0,1500.0
The Meridian,Mumbai,Standard,High,Thursday,0,0,61.63,73.55,70,9099.36,9327.6
Royal Residency,Bengaluru,Standard,Shoulder,Tuesday,0,0,39.88,46.81,9,5010.22,4280.4
Sunrise Hotel,Hyderabad,Standard,High,Saturday,0,1,59.77,58.22,46,6203.78,7298.43
Lakeside Inn,Goa,Suite,Shoulder,Sunday,1,1,55.51,88.19,14,10685.52,12614.23
City View,Delhi,Standard,Low,Monday,0,0,34.17,40.15,47,2727.52,2104.54
The Meridian,Bengaluru,Suite,High,Tuesday,0,0,36.34,59.06,34,13712.26,15324.27
Sunrise Hotel,Bengaluru,Suite,Shoulder,Tuesday,0,0,51.84,53.98,7,9668.14,10826.53
Sunrise Hotel,Jaipur,Standard,Low,Sunday,0,1,58.35,81.38,19,4836.74,4761.64
City View,Mumbai,Deluxe,High,Sunday,0,1,42.95,82.53,17,9211.2,9911.88
The Meridian,Bengaluru,Deluxe,Shoulder,Tuesday,1,0,60.76,64.57,69,8256.62,9194.54
Lakeside Inn,Bengaluru,Executive,High,Tuesday,0,0,37.48,48.98,31,7417.72,9233.34
Grand Palace,Goa,Standard,Shoulder,Thursday,0,0,41.46,46.22,16,5897.44,6015.41
The Meridian,Goa,Deluxe,High,Monday,0,0,59.82,55.55,51,10828.49,12570.62
City View,Hyderabad,Deluxe,High,Tuesday,0,0,63.46,72.86,27,7131.38,8500.27
Sunrise Hotel,Delhi,Standard,High,Thursday,0,0,62.5,74.16,39,7091.5,7821.17
Lakeside Inn,Jaipur,Standard,Low,Tuesday,0,0,55.18,67.87,29,3245.84,2755.19
The Meridian,Delhi,Deluxe,High,Wednesday,0,0,15.41,32.78,120,8406.18,8605.48
Grand Palace,Hyderabad,Deluxe,High,Tuesday,0,0,42.27,54.17,39,8210.49,10084.97
Grand Palace,Goa,Standard,High,Sunday,0,1,94.53,91.2,55,9523.67,10326.71
Royal Residency,Mumbai,Deluxe,Shoulder,Saturday,0,1,25.26,35.38,68,7622.43,8382.51
Royal Residency,Goa,Standard,Peak,Saturday,0,1,75.75,94.28,32,10520.23,12240.36
City View,Jaipur,Deluxe,High,Tuesday,0,0,77.25,78.88,79,8055.59,8908.75
The Meridian,Goa,Standard,Low,Friday,0,0,21.16,44.6,60,7578.53,6082.82
The Meridian,Jaipur,Executive,Shoulder,Wednesday,0,0,26.78,25.1,4,8498.15,8979.11
Sunrise Hotel,Jaipur,Standard,Peak,Monday,1,0,49.14,79.3,18,7301.4,8167.02
Sunrise Hotel,Jaipur,Standard,Low,Tuesday,1,0,64.2,73.42,32,4142.57,4273.44
Sunrise Hotel,Hyderabad,Standard,Peak,Monday,0,0,77.3,94.55,35,7965.81,8765.01
Royal Residency,Jaipur,Standard,High,Wednesday,0,0,60.17,65.91,21,5934.53,6787.68
The Meridian,Jaipur,Deluxe,High,Tuesday,0,0,30.32,49.32,45,9173.71,9290.3
The Meridian,Mumbai,Standard,Shoulder,Friday,0,0,51.51,69.34,26,8274.28,8390.66
Grand Palace,Delhi,Suite,Low,Thursday,0,0,52.96,56.49,33,10272.03,10986.03
Royal Residency,Bengaluru,Standard,Peak,Friday,0,0,44.3,60.24,25,7931.19,9535.67
Lakeside Inn,Delhi,Standard,Shoulder,Sunday,0,1,56.59,59.8,28,3648.82,3309.64
Royal Residency,Jaipur,Standard,High,Friday,1,0,63.72,75.15,14,7270.99,8164.53
Lakeside Inn,Mumbai,Standard,Shoulder,Thursday,0,0,25.13,36.08,42,3745.16,3302.73
Grand Palace,Goa,Standard,Low,Sunday,0,1,45.94,59.87,49,6086.72,6058.12
City View,Mumbai,Standard,Low,Thursday,0,0,49.63,60.49,10,4918.98,4043.48
The Meridian,Jaipur,Deluxe,Shoulder,Saturday,0,1,39.5,50.85,21,8704.29,8957.22
Grand Palace,Mumbai,Standard,Peak,Thursday,0,0,81.03,89.92,34,10582.98,12014.88
The Meridian,Mumbai,Deluxe,Shoulder,Tuesday,0,0,13.04,20.43,91,7387.31,7250.62
Sunrise Hotel,Jaipur,Deluxe,Shoulder,Monday,0,0,56.64,76.06,14,6350.58,6912.88
City View,Hyderabad,Standard,Shoulder,Saturday,0,1,54.86,55.8,26,4860.55,5413.27
City View,Mumbai,Deluxe,Shoulder,Saturday,0,1,53.2,70.02,23,8511.78,9021.77
Grand Palace,Bengaluru,Executive,Shoulder,Monday,0,0,34.01,48.06,41,7711.04,8325.71
City View,Bengaluru,Deluxe,Peak,Saturday,0,1,33.75,71.47,14,10120.9,11513.84
Lakeside Inn,Mumbai,Deluxe,Shoulder,Thursday,0,0,26.09,44.49,20,5283.39,5567.76
City View,Hyderabad,Standard,Shoulder,Friday,0,0,10.0,18.27,117,3601.89,2067.35
The Meridian,Goa,Suite,Low,Wednesday,0,0,39.4,54.64,5,11268.99,12991.7
The Meridian,Jaipur,Suite,Peak,Thursday,0,0,54.86,75.71,32,14478.39,17820.49
The Meridian,Bengaluru,Deluxe,Low,Sunday,0,1,52.73,52.32,33,8632.82,8558.3
The Meridian,Goa,Executive,Low,Sunday,0,1,45.99,65.54,24,9776.65,11073.94
Lakeside Inn,Mumbai,Standard,High,Friday,0,0,45.08,63.53,68,6367.58,6625.23
Royal Residency,Goa,Standard,High,Friday,0,0,60.18,71.5,38,7824.79,8877.61
Sunrise Hotel,Delhi,Suite,Shoulder,Saturday,0,1,45.13,68.47,97,10370.86,12375.91
Grand Palace,Bengaluru,Suite,Shoulder,Tuesday,0,0,46.23,37.31,7,9012.55,10898.62
The Meridian,Mumbai,Standard,High,Tuesday,0,0,50.09,51.3,45,8034.0,8250.65
City View,Jaipur,Standard,Low,Saturday,0,1,13.64,30.88,40,3870.25,3016.34
The Meridian,Hyderabad,Standard,High,Saturday,0,1,71.4,74.72,48,9669.54,9861.04
City View,Mumbai,Standard,High,Monday,0,0,69.07,69.33,64,5929.18,6010.9
Sunrise Hotel,Jaipur,Suite,Shoulder,Monday,0,0,10.28,26.47,81,8384.8,9591.31
Sunrise Hotel,Hyderabad,Deluxe,Shoulder,Wednesday,0,0,41.55,64.89,108,5259.06,5859.22
Sunrise Hotel,Hyderabad,Standard,Shoulder,Wednesday,0,0,21.36,33.49,12,3618.62,2791.64
City View,Mumbai,Standard,High,Wednesday,0,0,13.36,33.55,45,4646.28,4787.23
The Meridian,Goa,Standard,Shoulder,Wednesday,0,0,46.26,65.93,70,8124.58,7820.61
Sunrise Hotel,Goa,Standard,Shoulder,Friday,0,0,10.25,17.38,31,4440.48,4106.53
Lakeside Inn,Hyderabad,Deluxe,High,Friday,0,0,67.77,76.5,15,7269.51,9602.54
City View,Goa,Executive,Peak,Monday,0,0,68.95,83.1,16,10926.52,13098.92
City View,Delhi,Suite,Shoulder,Tuesday,0,0,39.09,49.47,19,7977.6,10189.69
The Meridian,Hyderabad,Standard,Peak,Saturday,0,1,57.23,75.68,43,10533.21,12060.11
City View,Hyderabad,Executive,Shoulder,Sunday,0,1,37.79,62.04,20,7810.0,8699.4
City View,Jaipur,Suite,Low,Tuesday,0,0,54.85,59.68,34,8870.22,10108.34
Sunrise Hotel,Goa,Suite,Low,Thursday,0,0,31.28,31.2,9,8565.05,9108.71
The Meridian,Hyderabad,Deluxe,Shoulder,Friday,1,0,48.5,66.67,9,9317.89,10311.22
Sunrise Hotel,Delhi,Standard,Low,Wednesday,0,0,36.57,58.03,51,4514.93,3208.17
Sunrise Hotel,Jaipur,Standard,Low,Wednesday,0,0,55.83,49.1,2,3266.57,2839.87
The Meridian,Mumbai,Standard,Peak,Thursday,0,0,56.15,65.47,84,9889.0,10815.76
Grand Palace,Hyderabad,Standard,High,Tuesday,0,0,66.37,76.1,43,8040.17,8449.76
Sunrise Hotel,Delhi,Standard,High,Wednesday,0,0,61.9,70.12,11,6023.18,6844.04
Lakeside Inn,Bengaluru,Deluxe,Low,Tuesday,0,0,13.21,30.78,41,4274.98,4014.81
Lakeside Inn,Delhi,Deluxe,Low,Saturday,1,1,62.44,57.86,23,5053.26,6560.6
City View,Delhi,Deluxe,Low,Thursday,1,0,48.83,64.47,15,5570.62,6586.25
Lakeside Inn,Jaipur,Standard,High,Sunday,0,1,69.4,74.6,73,6460.36,6643.95
City View,Mumbai,Executive,Peak,Tuesday,0,0,86.91,88.2,48,11395.39,14330.69
Grand Palace,Bengaluru,Executive,Shoulder,Saturday,0,1,41.99,50.22,21,8994.69,10499.69
The Meridian,Goa,Suite,Low,Tuesday,0,0,13.61,31.0,18,11312.22,11872.32
The Meridian,Goa,Executive,Shoulder,Tuesday,0,0,37.15,75.71,100,10309.57,11032.78
The Meridian,Delhi,Deluxe,Shoulder,Wednesday,0,0,17.22,21.47,44,7014.72,7140.39
Lakeside Inn,Jaipur,Executive,Shoulder,Monday,0,0,33.66,38.0,35,6503.82,6651.27
Grand Palace,Jaipur,Standard,High,Friday,0,0,49.06,66.92,17,7269.59,7947.18
Lakeside Inn,Goa,Standard,High,Tuesday,0,0,64.34,76.81,17,6462.58,6995.37
Lakeside Inn,Bengaluru,Standard,Low,Tuesday,1,0,55.18,62.05,118,4002.38,3143.19
Grand Palace,Mumbai,Standard,Low,Tuesday,0,0,73.37,77.36,53,6869.41,6665.47
Grand Palace,Bengaluru,Standard,Peak,Monday,0,0,56.22,71.35,32,7961.68,9002.45
Grand Palace,Hyderabad,Deluxe,Low,Saturday,0,1,34.62,42.78,10,7139.82,7457.03
Grand Palace,Hyderabad,Suite,Low,Sunday,0,1,40.79,51.92,22,10307.45,11598.9
The Meridian,Mumbai,Deluxe,Low,Sunday,0,1,41.76,50.52,44,8478.82,9151.86
Royal Residency,Goa,Standard,Low,Thursday,0,0,30.98,44.04,70,4823.94,3707.75
Royal Residency,Mumbai,Suite,Shoulder,Wednesday,0,0,20.44,31.25,36,9156.55,10409.94
Grand Palace,Jaipur,Deluxe,High,Monday,0,0,56.11,73.98,70,9051.64,10664.78
Royal Residency,Hyderabad,Standard,Shoulder,Saturday,0,1,50.92,60.19,37,5014.26,5822.71
Royal Residency,Delhi,Deluxe,Shoulder,Tuesday,0,0,13.92,27.31,66,4155.06,4646.29
Grand Palace,Delhi,Standard,High,Saturday,0,1,66.46,86.55,28,8576.3,10037.72
Royal Residency,Goa,Standard,Shoulder,Monday,0,0,45.67,33.64,66,5452.02,5497.37
Lakeside Inn,Jaipur,Executive,Peak,Monday,0,0,55.25,56.44,23,8485.04,11034.5
City View,Bengaluru,Standard,Peak,Monday,0,0,51.29,74.22,55,7073.11,7465.44
City View,Jaipur,Deluxe,Low,Thursday,0,0,25.37,20.39,39,3988.52,4163.91
Grand Palace,Delhi,Executive,High,Friday,1,0,71.26,79.25,3,11442.75,14016.44
The Meridian,Delhi,Deluxe,Shoulder,Wednesday,0,0,10.0,5.26,18,6334.92,5639.44
Grand Palace,Hyderabad,Standard,Peak,Thursday,0,0,40.96,58.59,8,8257.24,9310.58
The Meridian,Jaipur,Standard,Shoulder,Thursday,0,0,46.77,67.05,146,6377.71,6068.39
City View,Jaipur,Standard,Peak,Friday,0,0,54.22,63.39,48,6670.97,8568.95
Grand Palace,Delhi,Deluxe,High,Thursday,0,0,37.32,55.84,22,8884.59,9602.55
Sunrise Hotel,Bengaluru,Standard,Low,Monday,1,0,69.05,70.83,9,5264.56,5259.29
Lakeside Inn,Goa,Standard,Shoulder,Monday,0,0,41.61,33.9,36,4136.55,3643.52
Royal Residency,Goa,Executive,Peak,Saturday,0,1,76.4,93.69,47,12304.86,15994.4
The Meridian,Jaipur,Deluxe,Peak,Tuesday,0,0,84.73,89.44,22,11641.38,14264.94
Sunrise Hotel,Goa,Standard,Low,Thursday,0,0,38.28,51.7,41,4966.99,4029.54
Royal Residency,Delhi,Deluxe,High,Tuesday,1,0,34.49,50.77,73,7603.81,8409.65
Royal Residency,Delhi,Deluxe,Shoulder,Wednesday,0,0,40.97,36.54,16,5065.19,6036.58
Grand Palace,Jaipur,Standard,Low,Sunday,0,1,92.05,92.99,21,5770.94,7190.26
Royal Residency,Jaipur,Standard,Shoulder,Monday,0,0,50.9,38.13,8,3523.85,3788.33
Lakeside Inn,Hyderabad,Suite,Low,Saturday,0,1,82.71,96.81,75,9707.88,11874.17
Sunrise Hotel,Jaipur,Deluxe,High,Wednesday,0,0,79.9,86.93,25,7422.07,9336.47
Royal Residency,Bengaluru,Deluxe,Shoulder,Saturday,0,1,54.17,62.27,94,8099.45,8988.37
Grand Palace,Goa,Standard,High,Sunday,0,1,77.31,77.16,3,8658.8,9654.34
Lakeside Inn,Jaipur,Standard,Low,Sunday,0,1,44.1,48.49,42,2527.8,2701.95
City View,Mumbai,Standard,Shoulder,Friday,0,0,43.93,43.76,50,4968.55,4770.78
Sunrise Hotel,Hyderabad,Standard,Low,Monday,0,0,17.64,35.36,48,2339.52,2157.17
Royal Residency,Mumbai,Standard,Low,Wednesday,0,0,33.86,44.11,60,4570.38,3564.01
Grand Palace,Delhi,Standard,Low,Friday,0,0,29.4,25.93,39,3547.2,3930.45
City View,Goa,Suite,Low,Sunday,0,1,36.09,35.18,37,7986.62,10141.17
City View,Jaipur,Executive,High,Wednesday,1,0,82.14,89.21,8,8868.18,11337.65
The Meridian,Mumbai,Suite,Shoulder,Saturday,0,1,27.8,32.43,31,11462.65,12989.17
Lakeside Inn,Goa,Suite,Shoulder,Friday,0,0,40.55,57.41,38,9832.14,12173.74
Royal Residency,Delhi,Standard,Shoulder,Friday,0,0,14.56,18.48,19,3988.36,3087.79
Grand Palace,Bengaluru,Executive,Peak,Monday,0,0,67.56,81.81,17,12658.7,14671.36
The Meridian,Hyderabad,Standard,Peak,Tuesday,0,0,59.89,70.09,47,9333.96,10557.12
Lakeside Inn,Goa,Executive,Shoulder,Saturday,0,1,50.59,73.5,56,7337.71,9527.11
The Meridian,Goa,Executive,Shoulder,Saturday,0,1,38.63,50.35,18,10096.87,12105.24
Sunrise Hotel,Bengaluru,Deluxe,Low,Friday,0,0,12.94,16.87,28,4502.07,4381.22
Lakeside Inn,Goa,Executive,Peak,Friday,0,0,35.28,70.37,43,12435.9,14242.64
Lakeside Inn,Delhi,Deluxe,Low,Monday,0,0,47.06,47.24,19,4486.71,4544.93
Royal Residency,Delhi,Standard,Shoulder,Tuesday,0,0,37.03,43.15,33,4809.17,4045.28
Lakeside Inn,Bengaluru,Standard,Shoulder,Saturday,0,1,54.36,63.05,40,5310.05,4798.94
The Meridian,Hyderabad,Deluxe,Shoulder,Sunday,0,1,33.47,47.1,105,7778.34,8665.79
Lakeside Inn,Jaipur,Standard,Low,Thursday,0,0,28.26,27.31,28,1800.0,1841.22
Royal Residency,Mumbai,Deluxe,High,Thursday,0,0,31.86,49.0,6,8654.21,10098.59
Royal Residency,Jaipur,Executive,Low,Tuesday,0,0,24.23,37.78,9,5223.07,6588.31
Sunrise Hotel,Goa,Standard,High,Wednesday,0,0,51.92,55.66,19,7038.02,7092.35
The Meridian,Mumbai,Suite,Low,Monday,1,0,74.65,86.69,26,12231.33,14525.24
City View,Bengaluru,Executive,Low,Tuesday,0,0,38.53,62.57,70,7067.23,7265.86
City View,Bengaluru,Executive,Peak,Thursday,0,0,83.52,82.61,123,10778.04,12728.02
Lakeside Inn,Hyderabad,Executive,Low,Friday,0,0,34.44,51.24,29,6304.12,6860.34
Sunrise Hotel,Mumbai,Deluxe,High,Thursday,0,0,53.78,67.2,48,8648.91,10128.38
Grand Palace,Delhi,Executive,Shoulder,Friday,0,0,57.87,49.27,82,8601.17,9421.95
Lakeside Inn,Mumbai,Suite,Low,Monday,1,0,24.74,55.29,55,8205.75,8604.75
Sunrise Hotel,Goa,Standard,Peak,Friday,0,0,43.26,73.56,26,8405.25,9371.63
The Meridian,Delhi,Deluxe,Low,Tuesday,1,0,23.86,23.71,31,6552.75,7051.74
The Meridian,Bengaluru,Deluxe,Peak,Friday,0,0,30.84,67.83,33,13000.52,13375.59
The Meridian,Mumbai,Standard,Low,Wednesday,0,0,13.71,41.64,85,6448.6,4982.81
The Meridian,Jaipur,Deluxe,Peak,Tuesday,0,0,63.01,62.51,66,11402.11,12736.73
The Meridian,Hyderabad,Deluxe,Low,Monday,1,0,32.99,45.21,64,6890.1,7412.04
Sunrise Hotel,Jaipur,Standard,Shoulder,Tuesday,0,0,62.31,49.21,46,3472.12,3812.63
Sunrise Hotel,Hyderabad,Deluxe,High,Wednesday,0,0,50.12,73.75,39,7389.57,8967.22
Royal Residency,Goa,Suite,Peak,Monday,0,0,60.11,77.19,30,12852.33,16128.2
City View,Jaipur,Deluxe,Peak,Thursday,0,0,73.79,83.39,12,8538.72,10880.75
The Meridian,Mumbai,Standard,High,Wednesday,0,0,65.1,73.64,54,9232.4,10073.22
Grand Palace,Mumbai,Standard,Peak,Monday,0,0,53.87,68.8,22,8798.03,9264.62
Sunrise Hotel,Jaipur,Standard,Low,Sunday,0,1,44.65,62.35,59,4676.37,4333.67
Grand Palace,Mumbai,Executive,Shoulder,Friday,0,0,19.17,20.55,5,8029.6,9232.2
Grand Palace,Goa,Standard,Shoulder,Tuesday,0,0,46.26,39.62,14,4705.22,5952.93
Grand Palace,Delhi,Deluxe,Shoulder,Monday,0,0,38.77,37.97,65,6678.72,6521.95
Royal Residency,Goa,Standard,Shoulder,Tuesday,0,0,48.15,66.44,86,5211.66,5177.28
Sunrise Hotel,Hyderabad,Standard,Shoulder,Friday,0,0,30.85,49.72,59,4686.65,4266.07
Grand Palace,Goa,Suite,Low,Monday,0,0,14.65,26.32,16,8924.01,9981.44
The Meridian,Hyderabad,Deluxe,High,Thursday,0,0,45.75,71.32,68,10250.98,11463.7
Lakeside Inn,Mumbai,Standard,Low,Sunday,1,1,63.58,75.74,17,4201.17,5134.58
Grand Palace,Delhi,Standard,Shoulder,Sunday,1,1,58.77,61.74,69,6311.31,6277.6
Royal Residency,Mumbai,Standard,Shoulder,Wednesday,0,0,44.11,54.66,13,5480.15,5250.12
Sunrise Hotel,Bengaluru,Deluxe,High,Monday,0,0,40.21,28.06,24,6377.21,7671.87
Royal Residency,Mumbai,Deluxe,High,Friday,1,0,44.99,33.21,2,7449.69,9000.99
Grand Palace,Hyderabad,Standard,High,Monday,0,0,41.21,46.5,14,6892.19,6544.69
Sunrise Hotel,Mumbai,Standard,Low,Tuesday,0,0,45.63,47.09,53,3839.97,3727.61
Lakeside Inn,Mumbai,Standard,Shoulder,Saturday,1,1,60.24,84.45,111,6224.08,6180.03
Grand Palace,Delhi,Executive,Low,Monday,0,0,20.36,29.23,72,6246.05,5317.02
Royal Residency,Mumbai,Executive,Shoulder,Sunday,0,1,48.02,43.05,57,9906.57,10459.53
City View,Delhi,Standard,Shoulder,Sunday,0,1,40.32,56.24,9,4535.66,4400.8
The Meridian,Jaipur,Suite,Low,Sunday,0,1,54.32,48.11,24,10207.15,11701.66
Royal Residency,Bengaluru,Standard,Shoulder,Thursday,0,0,41.72,37.31,95,4728.49,4387.83
Sunrise Hotel,Delhi,Standard,Peak,Monday,0,0,62.54,67.1,35,7536.01,8366.02
Grand Palace,Hyderabad,Suite,Peak,Wednesday,0,0,63.23,91.41,12,13726.82,16427.72
The Meridian,Jaipur,Executive,Shoulder,Monday,0,0,46.59,60.63,24,9126.32,10303.89
Grand Palace,Delhi,Executive,Low,Saturday,0,1,51.81,55.33,4,8684.73,9875.38
Sunrise Hotel,Delhi,Deluxe,Low,Sunday,0,1,54.24,78.16,62,6765.79,7151.3
Grand Palace,Bengaluru,Standard,Shoulder,Tuesday,0,0,40.84,52.13,10,5413.04,4892.58
City View,Hyderabad,Suite,Peak,Sunday,0,1,88.83,99.15,34,12516.97,16072.34
The Meridian,Goa,Standard,Low,Monday,0,0,21.34,32.95,11,5544.79,5306.14
The Meridian,Goa,Deluxe,High,Thursday,0,0,35.69,53.85,38,10888.16,11179.19
Sunrise Hotel,Delhi,Standard,Low,Friday,0,0,11.27,35.7,59,3972.29,2563.79
City View,Mumbai,Deluxe,Peak,Monday,0,0,55.0,71.79,22,10145.99,11614.82
Royal Residency,Hyderabad,Standard,Shoulder,Monday,0,0,45.32,45.84,80,4276.19,4319.98
Grand Palace,Jaipur,Standard,High,Wednesday,0,0,46.65,67.54,55,6716.77,7058.0
Lakeside Inn,Mumbai,Executive,Shoulder,Thursday,0,0,59.73,72.62,49,7157.41,8949.58
Grand Palace,Mumbai,Standard,High,Saturday,0,1,65.9,83.1,78,9040.64,9954.23
Grand Palace,Hyderabad,Deluxe,Low,Friday,0,0,24.32,37.79,39,6634.84,6953.41
Royal Residency,Delhi,Standard,Low,Sunday,1,1,60.0,62.95,26,4084.51,5495.04
Grand Palace,Delhi,Standard,Peak,Tuesday,0,0,93.56,94.07,45,9673.48,10931.45
City View,Delhi,Standard,Peak,Monday,0,0,78.88,83.95,12,7167.7,8860.57
City View,Delhi,Standard,Peak,Saturday,0,1,75.04,100.0,63,8861.75,10632.08
The Meridian,Goa,Suite,High,Friday,0,0,66.04,56.24,63,14087.48,16756.75
Sunrise Hotel,Delhi,Standard,High,Tuesday,1,0,60.06,61.04,28,5732.99,6572.79
Lakeside Inn,Goa,Executive,Low,Saturday,0,1,32.52,45.24,21,7964.96,8272.78
Grand Palace,Goa,Deluxe,Shoulder,Thursday,0,0,24.53,39.37,40,8010.99,7985.43
Grand Palace,Delhi,Standard,Shoulder,Thursday,0,0,35.9,30.11,10,4537.24,5103.87
Royal Residency,Bengaluru,Deluxe,High,Friday,0,0,56.79,67.13,25,7495.53,9911.06
Sunrise Hotel,Jaipur,Deluxe,Shoulder,Sunday,0,1,40.18,59.37,75,6926.35,6434.06
City View,Mumbai,Suite,Low,Tuesday,0,0,50.79,63.74,14,8500.2,10274.73
Lakeside Inn,Goa,Standard,High,Thursday,0,0,27.38,38.36,82,5675.81,5247.88
The Meridian,Hyderabad,Standard,High,Friday,0,0,32.58,49.78,46,8212.96,8232.52
City View,Hyderabad,Executive,Shoulder,Thursday,0,0,56.29,56.28,50,6830.28,7982.05
Sunrise Hotel,Jaipur,Executive,Low,Thursday,0,0,46.82,47.57,21,6743.88,7426.08
The Meridian,Hyderabad,Executive,Low,Saturday,0,1,54.0,55.63,16,9831.42,11158.47
Royal Residency,Bengaluru,Standard,Low,Saturday,0,1,67.86,72.69,27,6042.05,6395.25
Royal Residency,Hyderabad,Suite,Shoulder,Thursday,0,0,16.15,30.86,98,7657.78,9343.87
Grand Palace,Mumbai,Deluxe,High,Wednesday,0,0,37.26,52.8,20,9015.85,9404.85
Sunrise Hotel,Mumbai,Deluxe,High,Saturday,0,1,64.73,61.15,3,8530.94,10593.73
Lakeside Inn,Goa,Standard,High,Tuesday,1,0,36.19,42.82,37,4805.5,5545.6
The Meridian,Delhi,Deluxe,Shoulder,Friday,0,0,23.72,46.86,72,8427.57,8804.57
City View,Bengaluru,Standard,High,Friday,0,0,47.83,55.68,40,6657.34,6550.09
Sunrise Hotel,Goa,Standard,Low,Sunday,0,1,43.23,44.74,102,5030.3,4155.53
Sunrise Hotel,Bengaluru,Suite,Shoulder,Tuesday,0,0,31.65,32.21,53,8421.49,9295.66
Royal Residency,Delhi,Standard,High,Tuesday,0,0,42.08,62.75,40,6543.0,6862.99
Grand Palace,Hyderabad,Standard,Low,Tuesday,0,0,46.6,33.82,27,3590.11,2713.74
Grand Palace,Hyderabad,Standard,Low,Sunday,0,1,32.64,58.1,48,4524.18,3913.75
The Meridian,Delhi,Executive,Peak,Tuesday,0,0,66.24,79.43,8,11890.71,14971.66
Royal Residency,Goa,Deluxe,Shoulder,Monday,0,0,50.88,40.88,98,7084.64,7543.75
Sunrise Hotel,Delhi,Standard,High,Sunday,0,1,61.62,67.93,59,6821.4,6649.8
Lakeside Inn,Jaipur,Suite,Low,Friday,0,0,47.39,47.6,59,8026.63,9597.33
Royal Residency,Mumbai,Suite,High,Monday,0,0,40.8,62.6,33,10966.89,13298.53
The Meridian,Goa,Standard,Shoulder,Sunday,0,1,63.84,73.62,81,9186.75,9125.7
The Meridian,Bengaluru,Deluxe,Low,Thursday,0,0,40.19,49.46,29,8900.32,8658.28
Royal Residency,Jaipur,Suite,High,Thursday,0,0,52.94,78.34,22,11465.27,13872.79
The Meridian,Goa,Deluxe,Low,Friday,0,0,52.56,53.55,35,9993.43,10409.53
Royal Residency,Delhi,Standard,Shoulder,Thursday,0,0,13.57,26.54,61,4271.9,3300.68
City View,Delhi,Executive,Low,Tuesday,0,0,23.48,37.18,19,5598.08,6080.03
Royal Residency,Delhi,Deluxe,Low,Sunday,0,1,48.87,54.33,17,6102.37,6825.69
Royal Residency,Delhi,Standard,Shoulder,Monday,1,0,52.0,65.16,16,4304.65,4869.12
The Meridian,Bengaluru,Standard,Low,Tuesday,1,0,67.28,79.99,24,6899.49,7352.86
The Meridian,Jaipur,Standard,Peak,Thursday,0,0,52.26,66.22,65,9261.19,10502.94
Grand Palace,Hyderabad,Standard,Low,Saturday,0,1,59.86,55.77,38,5505.45,6386.04
Grand Palace,Mumbai,Suite,Shoulder,Monday,0,0,36.83,56.2,12,10466.29,12217.09
City View,Bengaluru,Standard,Low,Tuesday,0,0,31.59,44.19,134,2314.5,1961.52
Grand Palace,Bengaluru,Standard,Shoulder,Sunday,0,1,68.79,78.02,11,7081.17,7756.71
Royal Residency,Hyderabad,Deluxe,Peak,Friday,0,0,34.51,54.13,24,9847.37,11371.83
The Meridian,Hyderabad,Standard,Low,Tuesday,0,0,34.36,54.49,16,6074.19,5004.91
Grand Palace,Mumbai,Executive,Peak,Saturday,0,1,77.11,92.35,20,12956.22,16015.88
Grand Palace,Mumbai,Standard,Low,Thursday,0,0,58.8,61.13,35,6054.64,6442.42
City View,Hyderabad,Standard,High,Monday,0,0,62.35,63.87,29,5395.58,5705.69
Sunrise Hotel,Delhi,Standard,Shoulder,Friday,0,0,48.05,57.48,18,5175.36,5334.47
City View,Bengaluru,Standard,Peak,Monday,1,0,56.84,77.51,42,8160.93,8647.99
Royal Residency,Goa,Standard,High,Friday,0,0,45.22,51.78,47,7282.01,8203.16
The Meridian,Mumbai,Deluxe,Shoulder,Sunday,0,1,39.89,41.74,53,9042.56,9314.35
City View,Mumbai,Executive,Low,Monday,0,0,22.97,24.82,36,5529.75,6011.69
Grand Palace,Hyderabad,Standard,Low,Thursday,0,0,44.17,38.82,45,4723.49,3910.07
The Meridian,Jaipur,Deluxe,Peak,Sunday,0,1,61.49,87.36,52,12473.86,14466.9
The Meridian,Goa,Deluxe,Shoulder,Sunday,0,1,35.74,52.09,20,9720.47,10261.99
Grand Palace,Goa,Suite,Shoulder,Friday,0,0,50.13,47.77,114,10648.09,12897.48
City View,Mumbai,Standard,High,Wednesday,0,0,51.11,80.29,96,6552.6,7158.65
Grand Palace,Delhi,Standard,Shoulder,Monday,0,0,25.57,37.76,60,3847.37,3668.6
Sunrise Hotel,Jaipur,Standard,Peak,Monday,1,0,74.68,100.0,26,7837.2,9901.85
The Meridian,Goa,Deluxe,High,Tuesday,0,0,44.69,73.57,5,11494.28,12677.71
Lakeside Inn,Mumbai,Suite,High,Friday,1,0,54.09,68.24,7,11116.6,13767.64
Lakeside Inn,Goa,Standard,Peak,Saturday,0,1,73.0,79.93,27,8819.25,10325.12
Royal Residency,Jaipur,Standard,Low,Wednesday,0,0,26.89,30.89,96,3898.95,3017.64
Grand Palace,Jaipur,Executive,Shoulder,Thursday,0,0,44.6,44.64,30,7849.44,8983.45
Grand Palace,Bengaluru,Suite,Shoulder,Tuesday,0,0,24.0,14.74,15,8356.1,9893.57
Royal Residency,Hyderabad,Executive,Low,Wednesday,0,0,47.46,62.58,16,6925.35,7670.32
Royal Residency,Hyderabad,Suite,High,Friday,0,0,45.79,23.57,95,9670.59,11214.48
Royal Residency,Mumbai,Standard,Peak,Wednesday,0,0,56.89,73.58,28,8422.87,9512.83
The Meridian,Jaipur,Deluxe,Shoulder,Sunday,0,1,29.84,38.98,91,8393.29,8146.36
Sunrise Hotel,Bengaluru,Deluxe,Shoulder,Monday,0,0,21.77,35.18,15,5771.07,5640.0
Grand Palace,Bengaluru,Standard,Peak,Sunday,0,1,66.95,74.99,17,8980.79,10805.92
The Meridian,Goa,Deluxe,Shoulder,Monday,0,0,56.1,71.96,23,9741.84,11088.29
Royal Residency,Goa,Deluxe,Shoulder,Tuesday,0,0,23.45,29.55,48,6950.87,7169.02
Grand Palace,Bengaluru,Standard,Shoulder,Friday,0,0,45.34,57.8,56,6627.91,6054.02
The Meridian,Goa,Suite,Peak,Friday,0,0,70.9,89.25,19,15444.07,19598.96
Sunrise Hotel,Jaipur,Deluxe,High,Wednesday,0,0,26.4,30.26,21,6232.12,6793.44
The Meridian,Delhi,Executive,High,Tuesday,0,0,40.09,54.39,9,10544.65,11290.76
Sunrise Hotel,Jaipur,Standard,High,Friday,0,0,64.67,83.78,9,7129.05,7921.99
Royal Residency,Bengaluru,Standard,Shoulder,Saturday,0,1,40.73,36.59,16,5181.61,5642.92
Sunrise Hotel,Bengaluru,Deluxe,Shoulder,Saturday,0,1,55.92,71.78,86,7945.4,8616.15
Grand Palace,Jaipur,Standard,High,Sunday,0,1,63.49,72.75,15,7239.61,8429.38
Royal Residency,Goa,Deluxe,Shoulder,Monday,0,0,27.3,44.14,36,6732.42,6837.56
Grand Palace,Goa,Suite,High,Wednesday,1,0,54.57,71.97,25,13021.94,15690.89
Lakeside Inn,Hyderabad,Standard,Peak,Thursday,0,0,51.47,77.8,15,7240.02,8014.69
City View,Bengaluru,Deluxe,High,Monday,0,0,59.23,49.62,51,7280.06,8806.06
Sunrise Hotel,Mumbai,Deluxe,High,Tuesday,1,0,68.98,67.35,21,8830.8,10248.58
City View,Hyderabad,Standard,High,Friday,0,0,61.87,68.19,62,5699.32,6461.6
City View,Goa,Executive,High,Monday,0,0,75.2,65.48,64,9113.33,11614.2
Sunrise Hotel,Jaipur,Suite,Shoulder,Thursday,0,0,48.61,49.89,22,9100.06,10394.0
Royal Residency,Goa,Deluxe,Low,Thursday,1,0,33.49,42.94,57,6913.15,7182.69
Lakeside Inn,Jaipur,Deluxe,Shoulder,Saturday,0,1,56.08,63.85,57,6310.1,7080.98
Grand Palace,Hyderabad,Deluxe,High,Tuesday,1,0,73.28,72.77,27,8733.62,10934.03
The Meridian,Bengaluru,Executive,Shoulder,Monday,0,0,10.0,22.87,24,8921.01,9285.52
Grand Palace,Goa,Deluxe,High,Wednesday,0,0,33.83,55.56,42,8597.93,9612.1
The Meridian,Jaipur,Deluxe,Shoulder,Monday,0,0,30.68,32.46,109,7418.54,7446.04
Grand Palace,Bengaluru,Suite,High,Saturday,0,1,43.56,60.28,72,12229.92,14809.65
Sunrise Hotel,Mumbai,Standard,Low,Sunday,0,1,17.03,48.33,35,4127.89,3674.12
Lakeside Inn,Jaipur,Suite,High,Thursday,1,0,52.83,79.59,5,10763.09,13602.42
The Meridian,Hyderabad,Standard,Shoulder,Tuesday,0,0,26.59,36.22,33,4557.1,5168.47
Royal Residency,Mumbai,Standard,Low,Tuesday,0,0,39.97,48.15,5,4739.84,3935.31
Grand Palace,Mumbai,Standard,Shoulder,Wednesday,0,0,38.38,45.86,8,5992.78,5992.79
Grand Palace,Delhi,Executive,High,Tuesday,0,0,62.77,52.09,17,8784.49,11005.48
The Meridian,Goa,Suite,Shoulder,Saturday,0,1,39.07,50.17,36,12830.81,14705.4
Royal Residency,Jaipur,Deluxe,Low,Saturday,0,1,57.81,67.11,19,6997.76,7917.22
Royal Residency,Mumbai,Deluxe,Peak,Saturday,0,1,53.52,85.1,76,12073.03,13252.11
Sunrise Hotel,Delhi,Deluxe,High,Tuesday,0,0,57.65,70.68,33,9455.08,9891.88
Sunrise Hotel,Hyderabad,Executive,Peak,Tuesday,0,0,77.81,90.81,20,10930.89,13613.3
Sunrise Hotel,Bengaluru,Deluxe,Shoulder,Saturday,0,1,36.34,61.09,54,7659.94,8835.18
Sunrise Hotel,Jaipur,Standard,Shoulder,Tuesday,1,0,12.07,26.11,18,2675.04,2093.68
Sunrise Hotel,Mumbai,Standard,Peak,Tuesday,0,0,67.86,76.79,37,8384.25,8991.48
Sunrise Hotel,Goa,Suite,Shoulder,Thursday,0,0,24.34,36.35,3,9154.27,10234.84
Lakeside Inn,Delhi,Deluxe,High,Monday,0,0,71.42,88.34,18,7992.51,9910.14
Royal Residency,Mumbai,Standard,Shoulder,Friday,0,0,46.89,50.59,73,5178.92,5251.48
Sunrise Hotel,Goa,Standard,Shoulder,Tuesday,0,0,50.41,36.64,46,4199.18,4717.37
Royal Residency,Mumbai,Suite,Low,Friday,0,0,41.19,52.93,40,10433.6,11683.58
Royal Residency,Jaipur,Standard,Low,Sunday,0,1,63.83,56.27,51,4563.98,4143.56
City View,Jaipur,Deluxe,Low,Friday,0,0,10.0,20.95,74,5078.92,5121.1
Lakeside Inn,Jaipur,Executive,Low,Thursday,0,0,48.29,57.08,32,6011.58,7211.88
Sunrise Hotel,Hyderabad,Standard,Peak,Tuesday,0,0,51.86,67.32,22,7385.69,8163.05
Grand Palace,Hyderabad,Standard,Low,Saturday,0,1,56.08,74.89,56,6131.83,6599.87
The Meridian,Delhi,Deluxe,High,Friday,0,0,56.81,61.26,29,10206.9,11770.49
Grand Palace,Jaipur,Suite,High,Tuesday,0,0,66.04,83.15,22,12244.24,14746.27
Lakeside Inn,Goa,Deluxe,High,Wednesday,0,0,36.29,68.95,26,7998.74,9565.89
The Meridian,Mumbai,Executive,Low,Sunday,1,1,46.96,76.64,46,11214.91,11525.3
Lakeside Inn,Bengaluru,Standard,High,Saturday,0,1,61.43,66.11,6,6114.57,7027.88
Royal Residency,Goa,Deluxe,High,Wednesday,0,0,39.34,67.94,46,8697.14,9909.47
The Meridian,Hyderabad,Deluxe,High,Wednesday,0,0,39.33,38.83,13,8337.3,9748.11
Royal Residency,Hyderabad,Suite,High,Friday,0,0,51.45,61.22,19,11015.47,13163.2
Grand Palace,Goa,Standard,Peak,Wednesday,1,0,47.67,60.22,10,9469.66,10749.61
Grand Palace,Hyderabad,Suite,High,Thursday,0,0,37.72,47.0,53,10495.65,12249.15
The Meridian,Jaipur,Deluxe,Shoulder,Thursday,0,0,31.82,32.53,40,7817.81,7449.54
The Meridian,Delhi,Standard,High,Friday,0,0,47.47,72.25,13,8923.94,9429.05
Sunrise Hotel,Mumbai,Standard,Low,Tuesday,0,0,35.63,42.94,58,4375.59,4132.76
Lakeside Inn,Delhi,Suite,Peak,Monday,1,0,55.39,81.44,8,11270.04,15464.3
Sunrise Hotel,Mumbai,Standard,Low,Tuesday,0,0,36.53,42.56,25,4171.81,3680.67
Lakeside Inn,Mumbai,Standard,Shoulder,Tuesday,0,0,55.77,60.13,10,4826.99,4523.22
Sunrise Hotel,Delhi,Standard,High,Tuesday,0,0,53.37,63.06,29,5799.25,6280.52
Royal Residency,Goa,Executive,High,Tuesday,0,0,60.6,66.48,22,9890.75,11905.33
The Meridian,Mumbai,Deluxe,Shoulder,Saturday,0,1,31.55,47.02,12,8777.59,10437.26
Grand Palace,Delhi,Suite,Shoulder,Monday,0,0,49.47,61.09,33,10231.9,11363.43
Lakeside Inn,Mumbai,Standard,Peak,Saturday,1,1,79.62,100.0,14,8802.76,11586.39
Lakeside Inn,Bengaluru,Deluxe,Shoulder,Wednesday,0,0,33.44,44.48,4,4972.68,5003.41
Grand Palace,Goa,Deluxe,Peak,Sunday,0,1,53.35,74.82,8,11236.81,13335.08
Sunrise Hotel,Jaipur,Suite,Low,Tuesday,1,0,20.59,30.38,24,7159.63,8437.91
Lakeside Inn,Mumbai,Executive,High,Sunday,0,1,38.76,60.84,27,9773.28,10876.28
Royal Residency,Bengaluru,Standard,High,Thursday,0,0,10.0,32.66,17,5651.54,5254.17
The Meridian,Jaipur,Deluxe,Low,Friday,0,0,19.44,32.25,83,7088.92,7162.9
Grand Palace,Jaipur,Standard,Shoulder,Friday,0,0,47.26,50.0,42,5294.58,5400.22
The Meridian,Mumbai,Deluxe,Low,Saturday,0,1,46.86,54.29,44,8702.88,9182.63
Lakeside Inn,Delhi,Standard,High,Saturday,1,1,69.43,100.0,15,6641.22,8566.59
Lakeside Inn,Mumbai,Standard,Shoulder,Thursday,0,0,28.58,39.81,14,3262.9,3432.29
Grand Palace,Bengaluru,Standard,High,Tuesday,0,0,53.43,56.71,38,6906.57,7687.81
Royal Residency,Jaipur,Deluxe,Low,Sunday,0,1,52.82,69.88,27,6946.78,8118.73
City View,Mumbai,Standard,Low,Sunday,0,1,10.0,28.02,40,3715.72,2835.82
Grand Palace,Delhi,Deluxe,Low,Monday,0,0,42.47,24.26,26,5665.36,6253.0
City View,Mumbai,Standard,Shoulder,Wednesday,0,0,42.85,54.29,54,4405.49,4259.02
Sunrise Hotel,Goa,Standard,High,Friday,1,0,44.34,68.26,33,7022.52,7548.78
City View,Delhi,Suite,Peak,Wednesday,0,0,59.59,70.59,29,11100.9,14742.49
Royal Residency,Bengaluru,Standard,High,Monday,0,0,40.05,49.88,47,5356.28,6005.58
Sunrise Hotel,Jaipur,Standard,Shoulder,Saturday,0,1,32.44,58.36,90,5253.89,4837.58
City View,Mumbai,Deluxe,Peak,Sunday,0,1,59.72,71.69,52,10915.23,12308.85
Sunrise Hotel,Delhi,Standard,High,Friday,0,0,62.33,64.02,11,5919.37,7239.57
City View,Goa,Standard,Peak,Wednesday,0,0,44.23,56.78,28,7483.47,8270.69
Royal Residency,Delhi,Standard,Shoulder,Saturday,0,1,22.4,52.45,29,5576.93,5378.12
City View,Hyderabad,Executive,Shoulder,Monday,0,0,63.56,73.35,41,7191.63,8173.82
City View,Goa,Deluxe,Low,Wednesday,0,0,38.05,39.05,24,5966.61,5781.85
City View,Bengaluru,Deluxe,High,Sunday,0,1,52.48,71.16,33,7931.51,8950.71
Grand Palace,Jaipur,Deluxe,Low,Tuesday,0,0,28.78,42.16,35,5669.61,6599.19
Grand Palace,Bengaluru,Standard,Shoulder,Saturday,0,1,69.68,57.44,40,6378.47,6974.14
Grand Palace,Mumbai,Standard,Shoulder,Monday,0,0,35.69,51.55,11,6001.35,5962.07
Royal Residency,Delhi,Suite,High,Wednesday,0,0,43.39,66.6,12,11458.17,12957.85
Sunrise Hotel,Hyderabad,Standard,High,Sunday,0,1,63.32,76.91,108,6761.35,7116.52
Lakeside Inn,Goa,Standard,Low,Tuesday,0,0,40.57,42.47,5,3472.92,3260.22
City View,Goa,Standard,Shoulder,Tuesday,0,0,43.38,46.4,34,5098.0,5087.51
City View,Delhi,Standard,High,Monday,0,0,24.52,60.0,52,5800.21,5125.0
Royal Residency,Hyderabad,Executive,Peak,Thursday,0,0,32.45,47.63,14,9680.44,11474.32
City View,Delhi,Standard,High,Sunday,0,1,93.53,100.0,71,7134.32,8122.5
Grand Palace,Mumbai,Deluxe,Peak,Sunday,0,1,79.69,93.19,34,11869.61,14339.98
Lakeside Inn,Bengaluru,Standard,High,Friday,0,0,28.06,49.29,92,5644.54,5027.75
The Meridian,Goa,Executive,High,Monday,1,0,73.29,74.22,16,12181.12,13910.68
City View,Mumbai,Standard,Low,Tuesday,0,0,31.1,26.15,29,2582.91,2286.04
Grand Palace,Bengaluru,Standard,High,Tuesday,0,0,43.02,56.08,22,6945.61,7321.4
The Meridian,Mumbai,Deluxe,High,Monday,0,0,43.44,42.25,20,10399.16,10586.21
Lakeside Inn,Hyderabad,Deluxe,High,Thursday,1,0,77.63,70.28,21,7815.79,9138.51
The Meridian,Goa,Standard,Shoulder,Friday,0,0,10.0,22.86,26,6734.54,6136.96
Grand Palace,Delhi,Standard,Shoulder,Wednesday,0,0,46.91,50.44,24,4901.85,5499.82
Sunrise Hotel,Delhi,Standard,Shoulder,Monday,0,0,64.59,54.55,56,5113.33,3616.93
Sunrise Hotel,Bengaluru,Standard,Shoulder,Friday,0,0,33.94,33.42,53,5024.8,4436.87
The Meridian,Jaipur,Standard,Low,Sunday,0,1,39.4,57.25,8,6514.12,6317.65
Royal Residency,Hyderabad,Deluxe,High,Friday,0,0,43.95,50.68,21,7253.33,8697.62
The Meridian,Bengaluru,Standard,Low,Saturday,0,1,64.67,62.16,43,7052.9,7308.92
City View,Jaipur,Standard,Low,Tuesday,0,0,18.84,35.36,40,2145.48,1549.23
City View,Mumbai,Deluxe,Shoulder,Wednesday,0,0,45.66,56.05,28,7427.16,7493.37
Sunrise Hotel,Hyderabad,Executive,High,Monday,0,0,28.43,37.64,33,6880.81,8946.24
Royal Residency,Mumbai,Deluxe,Shoulder,Tuesday,0,0,19.05,30.93,25,7194.2,6776.69
Grand Palace,Goa,Standard,Shoulder,Saturday,0,1,34.79,39.48,59,6584.19,6707.72
City View,Hyderabad,Standard,High,Saturday,0,1,61.19,75.85,55,6165.68,7486.25
Sunrise Hotel,Jaipur,Executive,Shoulder,Tuesday,0,0,49.71,52.77,26,7291.05,8297.28
Lakeside Inn,Goa,Standard,Peak,Thursday,1,0,81.05,84.93,31,8505.78,9877.63
Sunrise Hotel,Delhi,Standard,Peak,Friday,0,0,41.29,65.87,26,7185.8,8583.05
City View,Jaipur,Deluxe,Shoulder,Monday,0,0,10.0,5.87,30,3844.05,3601.29
City View,Bengaluru,Deluxe,Shoulder,Monday,0,0,36.81,45.54,65,6262.97,5851.5
Sunrise Hotel,Delhi,Deluxe,High,Monday,0,0,62.74,74.03,24,7756.69,9549.23
Grand Palace,Delhi,Standard,Low,Tuesday,0,0,67.52,82.53,20,6544.33,5427.37
The Meridian,Bengaluru,Standard,Shoulder,Sunday,0,1,30.42,49.06,31,6581.89,6889.18
City View,Hyderabad,Executive,Shoulder,Thursday,0,0,43.81,35.69,26,5469.08,6064.98
Sunrise Hotel,Delhi,Standard,Peak,Wednesday,0,0,82.34,77.48,18,7682.27,9190.94
Sunrise Hotel,Jaipur,Deluxe,Low,Saturday,0,1,47.63,51.41,50,5492.19,6826.46
Royal Residency,Goa,Deluxe,High,Tuesday,0,0,72.28,80.86,54,9686.13,10698.84
The Meridian,Delhi,Deluxe,High,Sunday,0,1,51.89,61.69,36,10161.3,11602.02
Lakeside Inn,Jaipur,Standard,Shoulder,Wednesday,0,0,43.74,41.52,19,2561.55,2632.92
Grand Palace,Mumbai,Standard,Low,Saturday,0,1,30.73,67.27,60,7649.75,6831.68
Lakeside Inn,Jaipur,Deluxe,Peak,Saturday,0,1,71.56,87.32,12,9604.31,11993.57
The Meridian,Goa,Suite,Shoulder,Thursday,0,0,44.5,61.26,2,12782.96,14196.05
The Meridian,Jaipur,Executive,High,Friday,0,0,48.11,56.89,28,11359.01,12295.25
The Meridian,Bengaluru,Standard,Low,Monday,0,0,62.33,62.69,106,7236.46,6320.2
Lakeside Inn,Goa,Standard,Shoulder,Wednesday,0,0,17.99,21.71,36,2865.48,2708.71
The Meridian,Hyderabad,Executive,Shoulder,Tuesday,0,0,14.65,22.27,25,7288.47,7928.91
Sunrise Hotel,Mumbai,Deluxe,Low,Wednesday,0,0,37.55,62.91,44,7427.54,6982.91
Lakeside Inn,Bengaluru,Executive,Low,Friday,1,0,42.45,53.1,44,6770.11,8274.02
The Meridian,Hyderabad,Standard,High,Monday,0,0,68.95,75.89,70,8363.04,8832.95
Sunrise Hotel,Jaipur,Deluxe,Low,Wednesday,0,0,29.63,46.39,17,5113.76,5343.89
Royal Residency,Goa,Deluxe,Low,Friday,0,0,16.79,44.9,45,7081.76,7299.79
The Meridian,Mumbai,Deluxe,Shoulder,Tuesday,0,0,44.4,26.41,31,8411.79,8572.18
Lakeside Inn,Bengaluru,Standard,High,Thursday,0,0,54.7,62.62,34,4692.15,5798.24
City View,Hyderabad,Standard,Low,Sunday,0,1,58.52,74.06,30,4706.99,4911.37
The Meridian,Hyderabad,Deluxe,High,Saturday,0,1,74.42,73.79,30,11396.86,13372.75
City View,Mumbai,Standard,Low,Tuesday,0,0,46.15,54.55,8,4543.68,4341.1
Sunrise Hotel,Jaipur,Deluxe,Low,Monday,0,0,57.73,54.16,23,5313.52,5130.09
Royal Residency,Mumbai,Executive,Low,Saturday,0,1,45.94,40.82,31,8077.58,8732.2
Grand Palace,Hyderabad,Standard,High,Sunday,0,1,56.95,85.0,41,8453.56,8587.04
Royal Residency,Delhi,Suite,Low,Tuesday,0,0,37.9,40.61,34,8483.14,9315.95
The Meridian,Bengaluru,Standard,Low,Tuesday,0,0,51.17,41.36,33,6537.6,5444.26
City View,Mumbai,Deluxe,Shoulder,Tuesday,0,0,51.0,74.37,48,6418.66,7769.91
City View,Hyderabad,Executive,High,Tuesday,0,0,48.65,71.36,78,8905.7,10061.18
Lakeside Inn,Jaipur,Standard,Shoulder,Saturday,0,1,29.6,46.06,28,3497.06,3483.96
City View,Hyderabad,Standard,Shoulder,Monday,0,0,46.55,45.9,17,3523.81,3252.31
Lakeside Inn,Jaipur,Standard,Low,Sunday,0,1,48.36,55.51,59,3862.15,3030.94
Sunrise Hotel,Mumbai,Standard,Shoulder,Friday,0,0,36.9,68.61,45,5600.13,5583.98
Grand Palace,Jaipur,Deluxe,High,Wednesday,0,0,55.52,63.55,26,9426.36,10608.71
The Meridian,Goa,Executive,High,Thursday,0,0,74.49,93.91,4,13534.47,14811.52
Lakeside Inn,Goa,Standard,Shoulder,Sunday,0,1,29.09,36.85,60,4550.25,4340.55
Grand Palace,Goa,Standard,Shoulder,Wednesday,0,0,28.16,44.55,16,5589.73,6134.5
City View,Delhi,Standard,Low,Wednesday,0,0,31.63,34.32,28,2770.32,2553.64
City View,Mumbai,Deluxe,Shoulder,Thursday,1,0,48.28,46.07,26,6201.26,6827.51
Grand Palace,Hyderabad,Standard,Low,Sunday,0,1,33.25,48.38,62,4338.63,3863.02
City View,Hyderabad,Deluxe,High,Saturday,1,1,41.43,71.04,39,8828.65,10452.65
Sunrise Hotel,Delhi,Deluxe,Peak,Monday,1,0,78.97,100.0,12,9968.04,12521.24
Sunrise Hotel,Jaipur,Deluxe,Peak,Thursday,0,0,83.75,92.92,127,9823.06,11732.72
Grand Palace,Delhi,Standard,Peak,Monday,0,0,60.27,78.64,47,8546.03,9579.95
Lakeside Inn,Jaipur,Deluxe,High,Saturday,0,1,39.44,66.36,19,7476.19,8463.9
Lakeside Inn,Jaipur,Standard,High,Wednesday,0,0,51.45,53.43,75,4758.92,4807.55
Grand Palace,Bengaluru,Standard,Shoulder,Monday,0,0,59.57,55.39,32,5208.28,4933.16
Lakeside Inn,Hyderabad,Executive,High,Saturday,1,1,70.07,85.2,29,9790.32,12320.67
Lakeside Inn,Goa,Deluxe,Shoulder,Saturday,0,1,27.38,52.97,30,6835.86,7237.4
Sunrise Hotel,Jaipur,Standard,Shoulder,Friday,0,0,39.93,52.58,32,4577.35,4482.01
Lakeside Inn,Bengaluru,Standard,High,Thursday,0,0,63.4,75.47,31,5203.66,6068.24
Royal Residency,Hyderabad,Standard,Shoulder,Friday,0,0,27.03,42.84,29,5231.77,4725.59
The Meridian,Goa,Standard,Shoulder,Wednesday,0,0,33.7,33.98,22,7435.83,6938.82
City View,Jaipur,Standard,Peak,Thursday,0,0,35.62,54.5,18,6779.8,7428.67
Royal Residency,Jaipur,Standard,Low,Wednesday,0,0,40.03,48.51,36,3924.5,3074.7
Lakeside Inn,Delhi,Deluxe,Shoulder,Friday,0,0,59.5,75.34,18,6570.69,7456.7
Sunrise Hotel,Delhi,Deluxe,Peak,Sunday,0,1,61.47,67.45,40,8757.77,11997.63
Grand Palace,Hyderabad,Deluxe,High,Saturday,0,1,72.34,88.39,72,9634.11,12087.89
Lakeside Inn,Goa,Deluxe,Shoulder,Wednesday,0,0,27.18,35.54,32,6031.7,5933.53
Sunrise Hotel,Jaipur,Standard,Low,Thursday,0,0,23.43,38.36,37,3111.38,2119.28
The Meridian,Hyderabad,Executive,Shoulder,Thursday,0,0,47.75,57.81,62,8861.66,9643.48
Lakeside Inn,Hyderabad,Suite,Peak,Wednesday,0,0,54.33,69.43,28,10347.52,14021.82
Grand Palace,Mumbai,Suite,High,Thursday,0,0,45.8,66.48,21,12562.36,14421.58
Sunrise Hotel,Delhi,Suite,Shoulder,Saturday,0,1,49.32,58.21,3,10180.54,12498.12
Sunrise Hotel,Goa,Executive,Low,Sunday,0,1,41.0,45.56,35,7004.5,8473.56
Sunrise Hotel,Jaipur,Deluxe,Low,Saturday,0,1,51.99,67.53,21,6782.03,8048.07
The Meridian,Hyderabad,Standard,Peak,Thursday,0,0,68.47,72.14,26,9849.37,11342.43
Lakeside Inn,Jaipur,Deluxe,Shoulder,Wednesday,0,0,23.6,25.56,4,3881.98,4142.96
The Meridian,Mumbai,Deluxe,High,Friday,0,0,28.58,50.51,26,11175.56,11809.6
City View,Goa,Deluxe,Low,Thursday,0,0,17.47,5.0,13,4569.86,4507.1
City View,Hyderabad,Deluxe,High,Thursday,0,0,59.93,63.73,11,6607.89,8385.74
Lakeside Inn,Jaipur,Standard,Peak,Thursday,1,0,91.41,99.26,14,7436.4,8997.56
The Meridian,Delhi,Standard,High,Thursday,0,0,43.64,48.34,13,8257.48,7487.26
Grand Palace,Mumbai,Executive,Low,Wednesday,0,0,20.24,53.2,56,8156.46,8710.88
Sunrise Hotel,Goa,Deluxe,High,Friday,0,0,67.53,69.03,65,8894.88,10654.87
Sunrise Hotel,Mumbai,Deluxe,High,Friday,0,0,43.64,52.47,35,8769.27,10135.07
Lakeside Inn,Delhi,Standard,Shoulder,Monday,0,0,58.07,66.51,91,3994.18,3566.4
City View,Goa,Standard,Peak,Thursday,0,0,62.13,69.18,25,8170.08,9383.76
City View,Mumbai,Executive,High,Thursday,0,0,94.1,91.14,16,10354.74,13042.84
Sunrise Hotel,Bengaluru,Deluxe,Peak,Monday,0,0,35.62,50.1,31,8292.26,10373.12
Lakeside Inn,Delhi,Suite,High,Friday,1,0,49.93,67.23,15,9933.11,12767.53
The Meridian,Delhi,Deluxe,Low,Tuesday,0,0,26.66,42.9,33,7728.76,7124.25
City View,Delhi,Deluxe,Shoulder,Saturday,0,1,33.93,54.43,49,6220.22,7495.14
The Meridian,Bengaluru,Standard,Low,Tuesday,0,0,34.61,55.03,14,6952.71,5838.54
City View,Bengaluru,Deluxe,Peak,Friday,0,0,63.48,100.0,79,11203.22,12736.4
City View,Jaipur,Standard,High,Sunday,0,1,69.35,79.37,110,5763.13,6545.14
Royal Residency,Hyderabad,Standard,High,Thursday,0,0,71.82,63.34,97,6930.99,6872.97
City View,Mumbai,Deluxe,Shoulder,Tuesday,0,0,44.83,29.65,6,5706.35,6481.99
Grand Palace,Jaipur,Executive,Low,Wednesday,0,0,10.0,18.54,22,6822.0,6066.28
Lakeside Inn,Mumbai,Standard,High,Wednesday,0,0,62.37,79.38,39,6388.47,6988.95
Lakeside Inn,Hyderabad,Suite,Shoulder,Monday,0,0,42.96,37.35,10,7177.34,8934.83
The Meridian,Bengaluru,Standard,Low,Friday,0,0,71.12,81.46,11,7574.38,7792.99
City View,Hyderabad,Standard,High,Friday,0,0,62.97,75.15,5,5278.11,7402.09
Grand Palace,Bengaluru,Standard,Low,Tuesday,0,0,38.25,49.78,33,5259.56,4732.35
The Meridian,Hyderabad,Standard,Shoulder,Thursday,0,0,53.21,50.52,40,6099.93,6042.59
Royal Residency,Jaipur,Deluxe,Shoulder,Friday,0,0,30.81,50.66,63,7154.87,7227.78
The Meridian,Goa,Standard,Low,Tuesday,0,0,33.74,35.28,45,7087.94,6216.49
The Meridian,Jaipur,Deluxe,Peak,Tuesday,0,0,43.2,48.48,50,10136.86,11759.25
City View,Mumbai,Executive,Low,Saturday,0,1,39.21,47.29,7,7318.69,9011.93
Royal Residency,Jaipur,Standard,Low,Saturday,0,1,52.77,54.74,38,5319.51,5264.93
The Meridian,Delhi,Suite,Low,Friday,0,0,29.8,35.93,30,10197.17,11763.08
Grand Palace,Mumbai,Standard,High,Tuesday,0,0,31.55,44.99,19,7467.58,7243.08
Grand Palace,Hyderabad,Deluxe,Shoulder,Monday,0,0,29.24,34.53,24,5947.34,7417.64
Lakeside Inn,Mumbai,Standard,High,Monday,0,0,47.63,77.5,41,6809.7,6359.92
Royal Residency,Goa,Standard,Low,Saturday,0,1,59.82,65.47,52,6304.03,6106.36
Royal Residency,Bengaluru,Standard,Low,Friday,0,0,47.55,47.4,101,4857.6,4242.82
Lakeside Inn,Hyderabad,Standard,Shoulder,Thursday,0,0,37.07,53.22,42,3954.69,3815.11
The Meridian,Mumbai,Standard,High,Sunday,0,1,37.92,57.15,55,9130.53,8344.41
Royal Residency,Hyderabad,Deluxe,Peak,Monday,0,0,44.53,61.86,54,9597.04,10105.39
Grand Palace,Hyderabad,Executive,Low,Monday,0,0,39.84,49.35,65,6622.2,7332.84
Grand Palace,Hyderabad,Suite,Shoulder,Saturday,0,1,35.73,40.94,13,9899.55,12614.5
City View,Bengaluru,Deluxe,Peak,Saturday,0,1,85.46,84.52,33,10436.57,13108.78
Royal Residency,Jaipur,Standard,Shoulder,Friday,0,0,37.3,27.32,15,3761.88,3402.45
The Meridian,Hyderabad,Standard,High,Saturday,0,1,49.24,49.91,16,8733.54,9495.87
Lakeside Inn,Delhi,Standard,Low,Wednesday,0,0,46.56,55.31,43,2855.17,3114.99
Lakeside Inn,Goa,Standard,Peak,Sunday,0,1,70.58,97.38,44,8564.69,9994.06
The Meridian,Bengaluru,Deluxe,High,Tuesday,0,0,61.21,54.17,42,10119.1,11292.02
Sunrise Hotel,Mumbai,Deluxe,Peak,Monday,1,0,46.49,59.71,21,8969.52,11150.45
City View,Bengaluru,Standard,High,Wednesday,0,0,29.12,32.08,34,4224.37,4620.94
Lakeside Inn,Mumbai,Standard,Shoulder,Thursday,0,0,64.32,70.79,26,5156.3,5065.05
Royal Residency,Bengaluru,Suite,Peak,Wednesday,0,0,61.75,74.56,42,13264.3,16138.51
City View,Mumbai,Suite,Shoulder,Friday,0,0,41.43,36.49,64,9199.84,11108.77
Royal Residency,Hyderabad,Standard,Shoulder,Thursday,0,0,37.28,39.91,15,3519.55,3894.25
Grand Palace,Jaipur,Executive,High,Thursday,0,0,39.58,36.21,32,8925.69,9537.45
City View,Mumbai,Executive,High,Saturday,0,1,71.45,81.68,55,10242.08,12114.96
Lakeside Inn,Mumbai,Standard,Peak,Wednesday,0,0,81.62,100.0,8,8854.34,9955.73
City View,Delhi,Standard,Low,Friday,1,0,35.22,42.04,59,3450.6,3365.91
City View,Mumbai,Deluxe,High,Monday,0,0,78.4,96.37,4,9637.67,11286.54
City View,Delhi,Executive,High,Sunday,0,1,45.68,71.37,13,8809.95,10248.74
Sunrise Hotel,Goa,Executive,Low,Saturday,0,1,54.23,78.33,31,8981.78,10552.39
City View,Hyderabad,Standard,Shoulder,Wednesday,0,0,47.83,49.3,25,2912.63,3572.83
Royal Residency,Delhi,Standard,Shoulder,Monday,0,0,27.82,49.29,23,4178.19,4018.37
Grand Palace,Jaipur,Deluxe,Shoulder,Wednesday,0,0,54.03,70.81,96,7608.3,7888.22
The Meridian,Hyderabad,Deluxe,Peak,Saturday,0,1,66.54,93.96,11,12983.72,15261.04
City View,Delhi,Standard,High,Monday,1,0,57.95,76.25,44,6193.91,6283.06
Lakeside Inn,Hyderabad,Suite,High,Saturday,0,1,36.02,45.82,98,10213.61,12584.34
City View,Hyderabad,Deluxe,Peak,Wednesday,0,0,38.49,51.9,56,8179.37,9700.27
Lakeside Inn,Hyderabad,Suite,Shoulder,Thursday,0,0,27.88,51.42,41,7980.17,8749.64
Royal Residency,Goa,Suite,High,Sunday,0,1,74.85,93.55,37,13675.01,16703.26
Lakeside Inn,Jaipur,Deluxe,Shoulder,Tuesday,0,0,28.79,46.8,23,4941.9,5337.18
The Meridian,Bengaluru,Standard,Peak,Sunday,0,1,54.91,74.72,22,9899.84,11767.97
Grand Palace,Bengaluru,Deluxe,Low,Thursday,0,0,23.19,19.25,10,5488.85,5407.38
Lakeside Inn,Delhi,Standard,Peak,Saturday,0,1,68.62,72.03,61,6512.59,8423.81
Lakeside Inn,Hyderabad,Deluxe,Low,Sunday,0,1,33.49,56.83,10,4767.65,5056.65
Grand Palace,Delhi,Standard,Shoulder,Saturday,0,1,50.95,43.01,30,4994.69,6371.02
The Meridian,Goa,Deluxe,High,Saturday,0,1,43.69,59.5,25,11690.37,12792.76
City View,Goa,Standard,Shoulder,Monday,0,0,30.3,44.28,36,5145.14,3919.67
Lakeside Inn,Mumbai,Standard,High,Friday,0,0,59.37,83.28,48,6541.34,7288.51
Grand Palace,Goa,Standard,Shoulder,Saturday,0,1,53.52,64.59,22,7103.88,7529.37
Royal Residency,Mumbai,Standard,High,Sunday,0,1,82.96,77.0,13,8219.49,9721.34
Grand Palace,Jaipur,Deluxe,Low,Sunday,0,1,31.87,57.64,18,6714.46,7202.3
Royal Residency,Delhi,Deluxe,Low,Sunday,0,1,30.86,62.72,15,6810.61,7451.05
The Meridian,Jaipur,Deluxe,Shoulder,Thursday,0,0,38.32,43.46,100,8205.45,8297.3
City View,Goa,Standard,Shoulder,Tuesday,0,0,37.87,39.24,73,4154.94,3723.09
Grand Palace,Jaipur,Standard,Low,Saturday,0,1,54.1,65.33,9,5526.82,5493.11
Sunrise Hotel,Jaipur,Standard,Shoulder,Saturday,0,1,48.47,51.84,25,4636.68,5508.35
Lakeside Inn,Jaipur,Standard,Shoulder,Saturday,0,1,20.14,38.36,14,2893.49,3332.1
The Meridian,Goa,Executive,Low,Monday,0,0,44.02,65.21,19,10351.22,11337.63
Grand Palace,Hyderabad,Standard,High,Saturday,0,1,39.63,46.82,21,7259.13,7959.47
Lakeside Inn,Jaipur,Standard,Peak,Thursday,0,0,94.87,94.26,16,7384.84,8993.12
Grand Palace,Mumbai,Standard,Low,Wednesday,0,0,48.32,52.09,58,6085.02,5342.15
Royal Residency,Goa,Standard,High,Friday,0,0,46.61,49.43,40,7162.58,8081.31
Grand Palace,Jaipur,Deluxe,High,Sunday,0,1,49.4,73.34,38,9444.8,10875.78
Sunrise Hotel,Hyderabad,Deluxe,Shoulder,Saturday,0,1,44.4,49.0,78,6883.48,7486.77
Grand Palace,Goa,Standard,High,Monday,0,0,49.11,74.31,55,7791.19,8943.41
Grand Palace,Bengaluru,Standard,Shoulder,Thursday,0,0,63.62,56.03,32,6230.78,6258.95
Sunrise Hotel,Hyderabad,Standard,Shoulder,Saturday,0,1,40.28,61.46,38,5358.75,5792.21
The Meridian,Mumbai,Standard,Low,Monday,0,0,37.5,55.45,61,7129.3,6221.2
Grand Palace,Jaipur,Standard,High,Wednesday,0,0,35.61,61.39,59,6013.31,6240.11
Sunrise Hotel,Bengaluru,Executive,High,Tuesday,0,0,72.74,87.66,3,9717.61,12107.19
Lakeside Inn,Bengaluru,Deluxe,Low,Saturday,0,1,59.58,72.13,43,6267.3,7543.73
Royal Residency,Goa,Deluxe,Shoulder,Thursday,0,0,46.56,38.32,34,6708.11,7606.49
Royal Residency,Bengaluru,Standard,Peak,Monday,0,0,76.93,84.35,50,9036.6,9706.53
Grand Palace,Mumbai,Standard,Shoulder,Monday,0,0,37.3,55.13,6,6067.44,6045.81
The Meridian,Mumbai,Deluxe,Shoulder,Saturday,0,1,50.85,51.36,65,9083.08,10032.0
The Meridian,Delhi,Deluxe,Peak,Monday,0,0,43.54,68.26,52,11015.47,12872.0
Lakeside Inn,Mumbai,Deluxe,High,Tuesday,1,0,64.98,88.0,24,8802.68,9870.61
Grand Palace,Hyderabad,Standard,High,Monday,0,0,52.68,62.79,91,6264.0,6362.94
Royal Residency,Bengaluru,Deluxe,High,Sunday,0,1,51.53,76.64,13,8652.74,10397.8
The Meridian,Mumbai,Standard,Peak,Friday,0,0,86.59,92.62,37,11525.37,13586.89
Grand Palace,Goa,Executive,Shoulder,Sunday,0,1,96.98,90.47,20,10977.52,13054.55
The Meridian,Delhi,Deluxe,Shoulder,Friday,0,0,27.91,37.63,17,7939.23,8390.12
Sunrise Hotel,Bengaluru,Deluxe,Shoulder,Monday,1,0,34.41,49.91,30,6272.58,7097.0
The Meridian,Delhi,Standard,Peak,Saturday,0,1,67.61,84.04,6,10906.95,12642.79
Royal Residency,Bengaluru,Deluxe,High,Friday,0,0,47.2,64.35,52,8872.8,10119.39
City View,Goa,Standard,Low,Thursday,0,0,43.84,50.27,136,3427.28,3204.63
Lakeside Inn,Delhi,Standard,Peak,Friday,0,0,41.01,66.14,12,6971.97,7755.68
Lakeside Inn,Jaipur,Standard,Shoulder,Sunday,0,1,33.75,37.27,77,2991.76,2972.92
Royal Residency,Hyderabad,Deluxe,Low,Monday,0,0,76.15,69.55,62,6560.03,6981.06
The Meridian,Hyderabad,Standard,Shoulder,Saturday,1,1,38.67,71.57,8,7560.71,8673.13
Grand Palace,Bengaluru,Standard,Shoulder,Wednesday,0,0,20.41,39.14,12,4852.99,4027.61
The Meridian,Jaipur,Executive,Peak,Saturday,1,1,75.19,97.12,36,14189.08,17339.54
Royal Residency,Delhi,Standard,Low,Saturday,0,1,71.56,80.66,50,6623.72,6620.0
Lakeside Inn,Jaipur,Deluxe,High,Saturday,0,1,59.72,61.97,66,6822.81,8648.04
The Meridian,Jaipur,Standard,High,Thursday,0,0,62.18,65.96,31,8289.37,9037.4
Lakeside Inn,Delhi,Standard,Low,Tuesday,0,0,10.0,25.54,33,2542.94,1500.0
Grand Palace,Goa,Suite,Peak,Sunday,0,1,59.96,81.34,9,14959.63,18210.81
Lakeside Inn,Jaipur,Standard,Shoulder,Monday,0,0,34.98,53.63,77,3745.77,2453.39
Lakeside Inn,Jaipur,Deluxe,Shoulder,Tuesday,0,0,23.45,29.39,63,3984.2,3675.07
City View,Goa,Deluxe,Shoulder,Wednesday,0,0,34.93,42.38,45,6989.82,6507.86
City View,Jaipur,Deluxe,Peak,Tuesday,0,0,55.35,84.2,31,8820.96,10711.92
Sunrise Hotel,Jaipur,Deluxe,Shoulder,Monday,1,0,45.83,61.25,77,6118.52,7441.49
City View,Jaipur,Standard,Low,Sunday,0,1,37.62,38.79,12,2931.68,2656.49
Lakeside Inn,Hyderabad,Standard,Low,Sunday,0,1,43.11,60.23,38,3300.16,3810.5
Royal Residency,Mumbai,Deluxe,Shoulder,Monday,0,0,41.31,52.82,101,6324.16,6927.26
Lakeside Inn,Goa,Deluxe,High,Wednesday,0,0,69.87,64.51,12,7020.6,9150.05
Royal Residency,Jaipur,Suite,Shoulder,Monday,0,0,69.31,60.25,117,9688.33,11350.4
Royal Residency,Hyderabad,Suite,Low,Wednesday,0,0,10.0,36.75,60,7226.62,8278.95
City View,Goa,Suite,Low,Wednesday,0,0,42.77,50.77,51,9039.82,10383.81
The Meridian,Bengaluru,Deluxe,Shoulder,Monday,0,0,52.69,28.69,76,6969.49,7132.16
Grand Palace,Bengaluru,Standard,Peak,Friday,0,0,46.27,50.59,67,8038.84,8868.16
City View,Jaipur,Suite,Shoulder,Sunday,0,1,54.25,65.94,8,9415.66,10718.3
City View,Hyderabad,Deluxe,Peak,Wednesday,0,0,73.22,73.29,8,8987.99,11393.39
The Meridian,Hyderabad,Standard,Shoulder,Monday,0,0,33.76,38.51,21,5740.71,4826.88
Grand Palace,Goa,Suite,Low,Friday,0,0,31.76,30.09,41,10518.17,12056.25
Lakeside Inn,Goa,Executive,Peak,Sunday,0,1,75.45,94.58,69,11479.93,14302.98
Sunrise Hotel,Hyderabad,Deluxe,Shoulder,Wednesday,0,0,21.62,23.89,27,5539.56,5619.09
Sunrise Hotel,Goa,Standard,High,Sunday,1,1,82.08,94.9,17,7840.26,9345.45
Lakeside Inn,Hyderabad,Standard,Peak,Friday,0,0,73.69,79.31,58,6790.58,8199.84
City View,Mumbai,Suite,Low,Sunday,0,1,24.05,34.59,26,8348.51,9463.28
Grand Palace,Hyderabad,Executive,Low,Thursday,0,0,33.76,46.76,43,7388.2,8278.57
City View,Bengaluru,Standard,High,Saturday,0,1,62.73,100.0,33,7463.73,9425.28
Royal Residency,Goa,Standard,Shoulder,Thursday,0,0,46.68,61.65,18,5983.57,6130.34
City View,Hyderabad,Executive,Low,Friday,0,0,36.92,33.41,19,6633.41,6621.35
City View,Hyderabad,Standard,Low,Wednesday,1,0,56.32,63.03,12,3578.71,3433.85
Lakeside Inn,Goa,Deluxe,Low,Monday,0,0,10.68,25.18,71,3859.84,3307.15
Lakeside Inn,Mumbai,Executive,High,Tuesday,0,0,16.88,43.8,24,7048.56,8385.71
Lakeside Inn,Mumbai,Standard,Low,Monday,0,0,34.7,44.06,18,4231.0,2948.52
Sunrise Hotel,Goa,Deluxe,Shoulder,Sunday,0,1,60.67,62.72,6,8448.07,9075.94
Royal Residency,Delhi,Standard,High,Tuesday,0,0,56.19,74.36,5,6406.35,6721.81
Lakeside Inn,Goa,Standard,Shoulder,Tuesday,0,0,31.92,56.55,13,4944.11,3900.49
Grand Palace,Goa,Suite,Low,Sunday,0,1,44.88,61.93,42,11084.62,12614.96
Sunrise Hotel,Mumbai,Standard,High,Sunday,0,1,44.59,50.4,34,7035.87,7267.98
The Meridian,Mumbai,Executive,Low,Wednesday,0,0,48.62,44.15,26,8713.09,9377.81
Grand Palace,Goa,Deluxe,High,Friday,0,0,60.21,76.56,13,10160.32,12211.0
Grand Palace,Goa,Standard,Peak,Monday,0,0,75.5,79.21,5,10215.93,11659.16
Lakeside Inn,Goa,Standard,Shoulder,Friday,0,0,48.43,47.55,18,4142.27,3789.76
The Meridian,Mumbai,Standard,Shoulder,Thursday,0,0,28.91,49.61,26,7217.73,7280.26
The Meridian,Goa,Standard,Shoulder,Wednesday,0,0,52.99,49.38,53,7358.02,7441.24
Sunrise Hotel,Goa,Standard,Shoulder,Wednesday,0,0,17.29,17.49,8,4415.12,3829.4
The Meridian,Jaipur,Standard,Peak,Thursday,0,0,61.05,89.17,24,10233.84,11070.56
Royal Residency,Delhi,Deluxe,Peak,Monday,0,0,76.2,71.45,12,9491.42,11988.81
Lakeside Inn,Bengaluru,Deluxe,Shoulder,Saturday,0,1,51.97,64.91,21,6550.47,8004.11
The Meridian,Delhi,Deluxe,High,Thursday,0,0,10.0,30.72,113,8377.57,8520.48
Sunrise Hotel,Jaipur,Deluxe,Peak,Monday,1,0,74.94,100.0,15,9875.26,12645.35
Royal Residency,Bengaluru,Standard,Peak,Tuesday,0,0,37.06,56.81,13,8012.65,8381.91
City View,Goa,Standard,Shoulder,Sunday,0,1,67.46,90.58,160,6541.59,6327.61
City View,Jaipur,Deluxe,Shoulder,Wednesday,0,0,56.78,74.67,49,6996.24,7268.51
Royal Residency,Goa,Deluxe,Shoulder,Monday,1,0,25.68,34.45,46,7084.74,7249.1
Sunrise Hotel,Mumbai,Standard,Peak,Friday,0,0,66.29,84.44,16,9319.81,10605.01
Royal Residency,Hyderabad,Suite,Low,Sunday,1,1,39.01,48.76,112,8733.75,9942.89
Lakeside Inn,Jaipur,Suite,High,Friday,1,0,56.75,62.05,9,9538.91,12762.82
Lakeside Inn,Mumbai,Deluxe,Shoulder,Sunday,0,1,30.55,46.36,66,6879.47,6910.0
City View,Jaipur,Standard,Shoulder,Wednesday,0,0,53.85,51.27,72,4101.6,3722.65
The Meridian,Jaipur,Suite,Shoulder,Thursday,1,0,34.93,57.54,83,11001.35,12063.65
Sunrise Hotel,Mumbai,Deluxe,Peak,Saturday,0,1,60.42,66.18,89,11330.82,12686.06
City View,Bengaluru,Suite,Low,Thursday,0,0,58.38,51.16,27,8523.64,9803.32
The Meridian,Delhi,Suite,High,Monday,0,0,47.54,60.14,40,11715.76,14834.83
The Meridian,Goa,Suite,Low,Thursday,0,0,17.93,19.51,34,10240.99,11326.24
Lakeside Inn,Jaipur,Deluxe,Low,Wednesday,0,0,22.24,38.92,14,4439.52,4089.57
Grand Palace,Goa,Standard,Shoulder,Monday,0,0,50.84,68.25,25,7417.01,6701.13
Grand Palace,Hyderabad,Deluxe,Shoulder,Tuesday,0,0,47.98,39.4,72,7541.45,7267.32
Royal Residency,Mumbai,Deluxe,Shoulder,Thursday,0,0,23.31,19.3,10,6137.09,6583.21
Lakeside Inn,Goa,Deluxe,Shoulder,Thursday,0,0,50.44,56.4,57,6801.4,6576.31
The Meridian,Mumbai,Standard,Low,Saturday,0,1,15.07,42.01,59,6845.31,6322.34
Sunrise Hotel,Goa,Standard,Shoulder,Monday,0,0,32.2,48.0,35,4630.74,4155.73
Grand Palace,Delhi,Executive,Peak,Friday,0,0,75.28,70.59,61,10962.11,14224.24
The Meridian,Delhi,Deluxe,Peak,Thursday,0,0,84.19,97.66,14,12643.72,15275.29
Grand Palace,Delhi,Executive,Shoulder,Wednesday,0,0,40.29,42.6,12,8310.1,8641.43
Grand Palace,Delhi,Suite,High,Thursday,1,0,46.79,54.98,23,11523.3,13354.21
Grand Palace,Delhi,Deluxe,Peak,Saturday,0,1,56.55,76.44,41,11264.48,13253.81
Sunrise Hotel,Delhi,Deluxe,Low,Tuesday,0,0,26.12,27.8,106,5223.52,4997.51
Lakeside Inn,Mumbai,Executive,High,Saturday,1,1,48.72,78.07,35,11210.3,12859.45
Sunrise Hotel,Jaipur,Deluxe,Peak,Thursday,1,0,65.95,100.0,24,9775.74,12205.93
City View,Goa,Deluxe,Low,Friday,0,0,43.88,62.48,70,6046.14,6835.0
The Meridian,Delhi,Standard,Low,Sunday,0,1,70.45,83.58,10,7579.26,7578.39
Lakeside Inn,Mumbai,Deluxe,Peak,Thursday,0,0,49.67,79.71,8,10026.96,11111.06
Lakeside Inn,Mumbai,Deluxe,Shoulder,Monday,0,0,39.81,47.0,108,4998.82,5783.74
Lakeside Inn,Mumbai,Standard,Low,Thursday,0,0,15.49,31.02,17,3410.57,2607.67
Lakeside Inn,Jaipur,Standard,Shoulder,Friday,0,0,31.4,48.78,84,3505.44,2995.06
Sunrise Hotel,Goa,Standard,Shoulder,Monday,0,0,48.4,43.17,77,5012.7,4354.23
Lakeside Inn,Jaipur,Standard,High,Wednesday,0,0,60.97,73.9,63,4822.97,5299.52
Royal Residency,Bengaluru,Standard,High,Monday,0,0,29.74,47.29,70,5363.85,5266.97
The Meridian,Mumbai,Standard,Peak,Saturday,1,1,77.09,91.74,69,11363.73,13307.3
Lakeside Inn,Bengaluru,Executive,Shoulder,Tuesday,0,0,10.0,22.97,4,5704.37,5809.98
The Meridian,Hyderabad,Deluxe,Shoulder,Saturday,1,1,59.36,67.73,42,9239.49,11028.66
Royal Residency,Delhi,Standard,Shoulder,Sunday,1,1,70.49,72.46,36,5857.51,6662.45
Royal Residency,Delhi,Standard,Shoulder,Monday,0,0,24.9,22.3,21,3543.74,2585.47
The Meridian,Jaipur,Deluxe,Low,Wednesday,0,0,43.1,26.24,26,6137.46,6747.06
Grand Palace,Goa,Standard,Peak,Thursday,0,0,25.6,54.86,30,9004.21,9722.9
City View,Bengaluru,Suite,Peak,Monday,0,0,59.09,70.51,26,11824.62,14395.64
Grand Palace,Goa,Deluxe,Shoulder,Saturday,0,1,15.62,35.44,76,8768.42,8681.29
Grand Palace,Jaipur,Suite,High,Monday,0,0,65.75,82.3,27,12402.91,14992.83
Sunrise Hotel,Delhi,Standard,Low,Monday,1,0,48.48,59.11,156,3459.95,3037.36
Grand Palace,Goa,Deluxe,Shoulder,Monday,0,0,66.58,53.39,19,8178.2,8288.03
Lakeside Inn,Goa,Standard,High,Wednesday,0,0,32.82,40.75,24,4278.58,4030.15
Sunrise Hotel,Delhi,Executive,Shoulder,Friday,0,0,50.96,63.1,29,8341.71,9511.68
Sunrise Hotel,Bengaluru,Deluxe,Peak,Friday,0,0,77.37,82.09,17,10817.09,13029.18
Royal Residency,Delhi,Standard,High,Monday,1,0,49.86,61.45,29,4898.38,6248.51
Grand Palace,Goa,Standard,Shoulder,Wednesday,0,0,37.51,23.42,21,5116.89,4992.19
Royal Residency,Bengaluru,Standard,High,Wednesday,0,0,57.48,61.93,57,6014.0,6148.01
The Meridian,Bengaluru,Deluxe,Low,Sunday,0,1,48.03,48.47,23,8042.65,8381.44
City View,Delhi,Standard,Shoulder,Monday,0,0,13.35,39.05,15,3173.82,2646.88
Sunrise Hotel,Goa,Deluxe,Shoulder,Saturday,0,1,56.85,45.12,25,7609.71,8955.33
The Meridian,Jaipur,Standard,Shoulder,Saturday,0,1,46.82,65.1,32,7972.8,7774.99
The Meridian,Goa,Deluxe,High,Tuesday,0,0,21.71,26.59,27,9389.53,9522.28
Lakeside Inn,Mumbai,Suite,Shoulder,Monday,1,0,53.35,73.02,160,8861.31,10832.48
City View,Hyderabad,Suite,High,Tuesday,1,0,59.44,84.97,47,10585.14,13299.75
The Meridian,Jaipur,Suite,High,Saturday,0,1,50.26,75.95,11,13494.28,15886.73
The Meridian,Bengaluru,Standard,Shoulder,Saturday,0,1,44.48,52.98,52,7465.43,6809.91
City View,Jaipur,Standard,High,Monday,0,0,44.39,78.16,41,5503.11,6089.67
City View,Bengaluru,Deluxe,Low,Tuesday,0,0,33.99,44.41,48,5317.48,5022.59
The Meridian,Bengaluru,Standard,Low,Tuesday,0,0,44.28,41.1,52,6320.61,5474.64
City View,Jaipur,Standard,Shoulder,Monday,0,0,56.29,60.94,82,3411.92,3557.85
The Meridian,Bengaluru,Standard,Shoulder,Sunday,0,1,73.46,84.31,30,8353.59,8314.59
The Meridian,Bengaluru,Standard,Low,Tuesday,0,0,16.8,31.41,32,5831.09,4711.19
Lakeside Inn,Mumbai,Standard,High,Sunday,0,1,48.88,78.95,19,6467.87,6852.04
Grand Palace,Goa,Executive,Shoulder,Thursday,0,0,34.85,29.79,39,8956.16,8837.52
The Meridian,Goa,Standard,Shoulder,Saturday,0,1,46.37,62.02,17,8593.54,8229.45
Royal Residency,Hyderabad,Deluxe,Peak,Friday,0,0,50.1,62.11,14,9217.0,11456.32
Sunrise Hotel,Hyderabad,Standard,High,Sunday,1,1,78.35,97.96,101,6756.46,8742.63
Grand Palace,Mumbai,Deluxe,Peak,Sunday,0,1,73.63,81.6,32,12009.11,14097.25
Grand Palace,Hyderabad,Standard,Low,Sunday,0,1,64.07,55.65,48,5459.56,5893.65
Grand Palace,Jaipur,Executive,High,Wednesday,0,0,85.01,85.84,21,10958.18,13311.9
Lakeside Inn,Delhi,Executive,Peak,Tuesday,0,0,28.12,62.74,115,9397.65,10792.09
The Meridian,Delhi,Standard,High,Tuesday,0,0,56.44,72.59,28,8295.81,9369.16
Lakeside Inn,Delhi,Executive,High,Wednesday,0,0,30.92,54.13,89,7761.65,9136.24
The Meridian,Mumbai,Executive,Shoulder,Tuesday,1,0,66.58,69.75,48,10573.63,12495.52
Lakeside Inn,Mumbai,Suite,Low,Wednesday,0,0,57.45,70.01,35,8650.85,9760.09
Lakeside Inn,Bengaluru,Suite,Shoulder,Sunday,0,1,48.14,51.32,43,8248.96,10124.25
Sunrise Hotel,Delhi,Standard,Shoulder,Monday,0,0,10.0,14.28,32,2074.54,1500.0
Royal Residency,Jaipur,Deluxe,Peak,Thursday,0,0,41.57,63.37,30,8933.85,11108.97
Lakeside Inn,Hyderabad,Standard,Low,Sunday,0,1,64.34,89.06,41,4508.15,4483.47
Sunrise Hotel,Jaipur,Standard,Peak,Thursday,0,0,37.73,64.71,6,5897.09,8051.51
City View,Hyderabad,Executive,Peak,Saturday,0,1,69.36,100.0,21,11418.31,14467.67
Royal Residency,Delhi,Standard,Low,Sunday,0,1,23.4,46.51,57,4742.18,3702.91
Lakeside Inn,Delhi,Deluxe,Shoulder,Friday,0,0,19.3,36.17,60,5820.26,5474.33
Grand Palace,Delhi,Suite,Peak,Tuesday,0,0,57.88,83.91,137,13099.45,15768.75
City View,Mumbai,Suite,Peak,Friday,0,0,71.37,82.23,66,12973.83,16531.28
City View,Hyderabad,Executive,Shoulder,Monday,0,0,50.23,56.93,63,6418.57,7470.93
Sunrise Hotel,Mumbai,Standard,Shoulder,Thursday,1,0,47.45,53.07,43,4856.13,4896.24
City View,Mumbai,Standard,Shoulder,Sunday,0,1,68.72,69.48,75,6146.03,5919.83
Royal Residency,Goa,Standard,High,Monday,0,0,61.91,76.46,38,8359.28,9117.97
Lakeside Inn,Jaipur,Standard,Shoulder,Monday,0,0,42.28,61.09,35,2728.21,3540.16
Lakeside Inn,Jaipur,Standard,High,Tuesday,0,0,66.62,54.27,36,4134.3,4802.32
Grand Palace,Bengaluru,Standard,Low,Monday,0,0,57.82,59.47,74,4292.92,4681.91
Sunrise Hotel,Mumbai,Suite,Low,Sunday,0,1,40.64,47.7,36,9156.66,10361.73
Grand Palace,Hyderabad,Deluxe,Shoulder,Sunday,0,1,44.13,52.8,47,7128.26,7736.43
City View,Goa,Standard,Shoulder,Thursday,0,0,37.76,42.51,23,4899.48,4112.69
Grand Palace,Goa,Deluxe,Shoulder,Sunday,0,1,31.62,41.03,110,8334.38,8649.64
Royal Residency,Jaipur,Standard,Shoulder,Friday,0,0,18.26,20.7,27,4123.11,3601.04
Lakeside Inn,Mumbai,Standard,Shoulder,Thursday,1,0,62.5,70.13,35,4163.95,5217.65
City View,Bengaluru,Suite,Low,Tuesday,0,0,21.57,35.17,63,7519.33,8697.95
Grand Palace,Mumbai,Deluxe,Shoulder,Thursday,1,0,24.02,49.22,81,7009.75,7401.02
Sunrise Hotel,Delhi,Suite,Peak,Wednesday,0,0,30.71,62.77,37,12428.54,14305.03
Royal Residency,Mumbai,Standard,Shoulder,Friday,0,0,42.83,41.41,57,5339.63,5413.23
Royal Residency,Delhi,Suite,Shoulder,Wednesday,1,0,21.82,45.92,18,8342.2,10099.67
Grand Palace,Delhi,Deluxe,High,Wednesday,1,0,77.56,88.91,41,9316.83,11368.87
Lakeside Inn,Bengaluru,Deluxe,Peak,Saturday,0,1,49.74,74.73,56,9659.2,11264.94
Grand Palace,Hyderabad,Deluxe,Low,Sunday,0,1,53.4,79.0,88,8095.09,8821.17
City View,Jaipur,Suite,High,Tuesday,0,0,57.56,78.95,12,10948.38,13412.86
Grand Palace,Mumbai,Deluxe,High,Monday,0,0,48.15,56.36,15,9050.83,10567.29
Royal Residency,Delhi,Deluxe,High,Wednesday,0,0,42.45,67.48,8,8061.48,9463.36
Grand Palace,Mumbai,Executive,Low,Thursday,0,0,36.69,52.27,13,8687.76,8811.01
Lakeside Inn,Hyderabad,Suite,High,Monday,0,0,61.06,74.78,62,10063.32,12057.76
Sunrise Hotel,Jaipur,Standard,Low,Thursday,0,0,35.59,58.17,41,3939.28,3064.0
The Meridian,Hyderabad,Deluxe,High,Thursday,0,0,68.08,65.61,15,10310.78,11570.59
Grand Palace,Jaipur,Standard,High,Monday,0,0,23.48,49.64,75,5812.72,6022.43
Lakeside Inn,Goa,Standard,Low,Monday,0,0,42.08,53.97,36,3928.22,2863.35
Lakeside Inn,Jaipur,Deluxe,High,Sunday,0,1,69.87,69.69,62,6324.27,8191.16
Sunrise Hotel,Bengaluru,Executive,Low,Thursday,0,0,10.0,5.95,42,5883.73,5407.38
Royal Residency,Hyderabad,Executive,High,Tuesday,0,0,55.04,68.46,40,8874.98,10143.24
Lakeside Inn,Delhi,Standard,Shoulder,Sunday,1,1,44.56,52.72,39,4473.29,4306.18
Lakeside Inn,Goa,Deluxe,Low,Friday,0,0,23.57,38.58,23,5505.1,5695.06
Lakeside Inn,Bengaluru,Standard,Low,Saturday,0,1,44.39,55.08,73,4213.95,4260.46
Lakeside Inn,Mumbai,Executive,Peak,Friday,0,0,47.64,51.25,6,9968.35,12190.92
City View,Hyderabad,Executive,Low,Tuesday,0,0,33.82,46.95,34,5672.23,6475.89
City View,Delhi,Deluxe,Low,Sunday,0,1,49.11,50.57,19,5785.64,6271.01
Royal Residency,Jaipur,Suite,Shoulder,Saturday,0,1,38.96,42.72,9,10019.79,10758.58
Grand Palace,Delhi,Deluxe,High,Sunday,0,1,54.56,73.65,37,10183.06,10571.51
Lakeside Inn,Mumbai,Deluxe,Shoulder,Monday,0,0,28.77,21.34,38,5131.03,5180.83
Sunrise Hotel,Goa,Standard,Low,Saturday,0,1,38.56,56.06,18,5167.54,5426.53
Grand Palace,Goa,Deluxe,Shoulder,Thursday,0,0,50.86,51.59,122,7523.08,8213.83
Sunrise Hotel,Hyderabad,Deluxe,Low,Friday,1,0,39.73,57.27,73,6667.09,7372.59
Grand Palace,Goa,Deluxe,Low,Saturday,0,1,51.0,66.04,48,8412.77,9570.21
Royal Residency,Hyderabad,Standard,Shoulder,Thursday,0,0,48.65,61.31,56,5273.2,5460.21
Lakeside Inn,Hyderabad,Executive,High,Sunday,0,1,62.31,71.86,29,8475.41,9522.88
Lakeside Inn,Hyderabad,Standard,Low,Tuesday,0,0,25.34,60.34,36,3705.19,3144.23
The Meridian,Jaipur,Deluxe,Shoulder,Saturday,0,1,48.7,53.81,41,9162.79,9705.92
Sunrise Hotel,Bengaluru,Deluxe,Shoulder,Thursday,0,0,27.85,35.21,42,5768.5,5970.57
Grand Palace,Hyderabad,Deluxe,Peak,Sunday,0,1,66.41,77.5,65,11640.11,13542.55
Grand Palace,Hyderabad,Deluxe,Peak,Sunday,0,1,76.15,86.74,50,11406.28,12719.31
City View,Bengaluru,Standard,High,Sunday,0,1,76.26,88.19,58,7236.37,7946.35
The Meridian,Delhi,Standard,Low,Tuesday,0,0,16.84,45.02,28,5368.54,4924.57
City View,Hyderabad,Deluxe,Low,Monday,0,0,18.56,35.57,34,3978.92,3813.53
City View,Jaipur,Deluxe,Shoulder,Tuesday,0,0,56.81,65.22,35,5865.93,6971.54
City View,Goa,Standard,Shoulder,Tuesday,0,0,22.43,24.91,24,3297.47,3239.6
Sunrise Hotel,Goa,Deluxe,Shoulder,Friday,0,0,21.34,35.66,6,6853.18,7358.07
Sunrise Hotel,Mumbai,Deluxe,High,Sunday,0,1,77.49,85.5,5,9852.89,11757.02
Royal Residency,Mumbai,Deluxe,Peak,Thursday,0,0,77.57,97.73,13,11812.37,14347.28
Royal Residency,Goa,Suite,High,Saturday,0,1,74.24,79.73,15,12986.63,16409.29
City View,Goa,Standard,Shoulder,Friday,1,0,58.43,56.5,19,6948.63,7020.56
The Meridian,Jaipur,Standard,High,Sunday,1,1,65.86,76.93,35,9265.48,9691.29
Grand Palace,Bengaluru,Suite,Shoulder,Wednesday,0,0,48.75,52.67,72,9980.07,11771.11
Sunrise Hotel,Mumbai,Deluxe,Low,Tuesday,0,0,32.3,46.81,9,6552.03,6553.51
The Meridian,Bengaluru,Deluxe,High,Wednesday,1,0,58.48,60.44,25,9704.51,11798.56
Lakeside Inn,Jaipur,Suite,Low,Sunday,1,1,50.29,58.67,50,7967.86,9374.93
Sunrise Hotel,Goa,Suite,Shoulder,Friday,0,0,23.99,32.86,56,9437.7,11272.41
Sunrise Hotel,Hyderabad,Executive,Shoulder,Thursday,0,0,24.87,45.19,45,6286.37,6853.15
Royal Residency,Bengaluru,Deluxe,High,Friday,0,0,48.66,65.27,32,9073.99,11071.92
Grand Palace,Goa,Deluxe,High,Thursday,1,0,65.89,93.88,49,10833.19,12221.72
Grand Palace,Goa,Standard,Shoulder,Thursday,0,0,37.66,36.64,10,5863.0,5156.68
Lakeside Inn,Delhi,Standard,High,Sunday,0,1,69.99,70.47,48,5654.21,6393.89
Lakeside Inn,Bengaluru,Deluxe,Shoulder,Monday,0,0,60.52,62.63,59,5337.85,6614.21
Sunrise Hotel,Hyderabad,Standard,Shoulder,Sunday,0,1,90.68,80.27,50,6224.25,6648.49
City View,Bengaluru,Executive,High,Tuesday,0,0,52.51,69.65,29,8849.54,10965.31
Royal Residency,Goa,Deluxe,High,Friday,0,0,54.71,59.45,29,9310.62,10701.1
Royal Residency,Hyderabad,Deluxe,Peak,Thursday,0,0,42.62,66.38,12,8884.08,10713.5
Sunrise Hotel,Jaipur,Standard,Low,Sunday,0,1,21.97,29.2,31,3753.42,2375.5
The Meridian,Delhi,Standard,High,Sunday,0,1,34.44,60.01,42,8713.19,8487.89
City View,Goa,Standard,High,Friday,0,0,58.51,64.42,46,7105.44,7304.39
Sunrise Hotel,Mumbai,Standard,Peak,Friday,0,0,54.23,70.47,38,8038.46,9342.6
City View,Mumbai,Standard,Low,Thursday,0,0,23.51,53.73,1,5076.99,3536.37
City View,Delhi,Deluxe,High,Saturday,0,1,50.77,70.27,19,8245.19,10127.44
City View,Jaipur,Executive,High,Wednesday,0,0,61.26,52.84,48,7497.05,9868.44
Sunrise Hotel,Goa,Executive,Shoulder,Tuesday,0,0,44.92,49.78,66,7920.15,8802.53
Royal Residency,Bengaluru,Deluxe,Shoulder,Tuesday,0,0,73.35,80.07,22,7771.39,8524.99
Royal Residency,Delhi,Standard,Shoulder,Saturday,0,1,42.71,50.56,92,5343.61,5490.56
City View,Jaipur,Suite,High,Monday,0,0,51.44,64.94,29,8298.8,11427.58
The Meridian,Bengaluru,Executive,Peak,Saturday,0,1,77.94,94.86,31,14382.33,17661.94
Grand Palace,Mumbai,Standard,High,Monday,0,0,47.55,55.0,16,7590.07,7346.98
Sunrise Hotel,Mumbai,Deluxe,High,Monday,0,0,55.3,80.82,23,8477.68,9647.66
Grand Palace,Bengaluru,Standard,Shoulder,Saturday,0,1,34.6,32.89,8,6303.52,6111.63
The Meridian,Delhi,Suite,Low,Tuesday,0,0,43.44,39.29,27,10368.91,11520.25
Sunrise Hotel,Mumbai,Executive,Low,Wednesday,0,0,31.36,40.64,98,7083.45,7514.68
City View,Goa,Standard,Shoulder,Tuesday,0,0,33.4,47.12,37,4292.73,3762.42
Royal Residency,Hyderabad,Executive,Shoulder,Sunday,0,1,15.05,27.4,10,6984.46,7641.82
Grand Palace,Bengaluru,Deluxe,Low,Tuesday,0,0,70.02,63.94,31,7297.56,8153.28
Lakeside Inn,Bengaluru,Executive,Shoulder,Tuesday,0,0,37.13,50.8,43,6341.1,6556.01
Lakeside Inn,Mumbai,Deluxe,Shoulder,Saturday,0,1,64.52,70.72,31,7826.29,8831.37
The Meridian,Delhi,Suite,Shoulder,Saturday,0,1,61.72,77.58,11,12503.06,14293.72
City View,Goa,Standard,Shoulder,Sunday,0,1,34.16,44.63,31,4939.89,5227.33
Grand Palace,Delhi,Standard,Low,Sunday,0,1,10.0,20.08,39,3702.9,2403.79
City View,Jaipur,Standard,Peak,Saturday,0,1,71.52,99.05,57,8513.66,10182.1
Grand Palace,Jaipur,Executive,Peak,Tuesday,0,0,63.97,68.99,65,10847.18,13104.29
The Meridian,Hyderabad,Suite,High,Wednesday,0,0,28.72,47.14,47,11816.0,13326.17
The Meridian,Mumbai,Suite,Low,Monday,0,0,48.14,53.07,57,11003.42,13079.93
Lakeside Inn,Mumbai,Executive,High,Friday,0,0,80.85,97.49,17,10677.99,12619.87
City View,Mumbai,Standard,High,Monday,0,0,57.94,61.48,51,6777.85,6693.59
Sunrise Hotel,Hyderabad,Standard,High,Sunday,1,1,71.24,94.32,63,6624.21,7813.14
Lakeside Inn,Jaipur,Standard,Low,Sunday,0,1,44.56,41.17,11,3406.88,2519.15
City View,Delhi,Standard,High,Monday,0,0,30.88,39.39,55,4932.0,4583.47
Lakeside Inn,Hyderabad,Standard,High,Friday,0,0,88.07,75.8,70,5500.95,7136.4
Sunrise Hotel,Hyderabad,Deluxe,High,Tuesday,0,0,41.79,70.65,51,7624.13,8672.38
Royal Residency,Delhi,Standard,High,Wednesday,0,0,70.6,56.48,24,6154.6,6576.58
Royal Residency,Mumbai,Standard,Shoulder,Wednesday,0,0,55.22,68.89,57,5216.29,5531.18
Royal Residency,Goa,Standard,Shoulder,Monday,0,0,18.87,20.3,50,4421.37,3095.45
Royal Residency,Delhi,Standard,Low,Friday,0,0,16.74,27.78,26,4058.78,3565.61
Grand Palace,Jaipur,Executive,High,Sunday,0,1,37.94,65.4,143,9554.03,10665.13
Royal Residency,Bengaluru,Suite,Low,Thursday,0,0,27.52,40.01,8,7884.43,9341.13
Sunrise Hotel,Bengaluru,Executive,Shoulder,Tuesday,1,0,56.63,73.51,44,8062.41,8697.78
The Meridian,Hyderabad,Standard,Shoulder,Monday,0,0,39.29,45.69,5,7042.82,5988.1
The Meridian,Bengaluru,Standard,Shoulder,Wednesday,0,0,45.9,42.3,41,6009.5,6513.36
Grand Palace,Goa,Suite,Low,Sunday,0,1,32.43,37.22,27,9793.53,11540.99
Royal Residency,Mumbai,Standard,High,Saturday,0,1,74.42,88.21,63,8547.23,10070.1
Royal Residency,Jaipur,Standard,High,Saturday,0,1,50.66,57.09,31,7354.42,7700.01
Royal Residency,Goa,Standard,Low,Friday,0,0,10.0,27.16,52,4056.86,2589.24
Lakeside Inn,Jaipur,Standard,Low,Friday,0,0,15.68,39.4,29,3175.29,2217.69
City View,Jaipur,Standard,Low,Monday,0,0,23.8,47.28,46,2793.05,2053.66
Lakeside Inn,Mumbai,Standard,Peak,Thursday,0,0,47.86,62.92,75,6979.02,8162.13
City View,Hyderabad,Deluxe,Shoulder,Wednesday,0,0,26.3,54.9,41,5316.86,5720.6
Royal Residency,Bengaluru,Standard,Shoulder,Monday,0,0,26.75,41.04,22,4274.3,3474.29
Royal Residency,Mumbai,Standard,Low,Thursday,0,0,35.3,59.74,27,4799.27,4468.12
Lakeside Inn,Goa,Suite,High,Sunday,0,1,70.54,80.07,5,11258.46,14181.02
Lakeside Inn,Hyderabad,Standard,Peak,Friday,0,0,84.8,98.08,59,6873.35,9419.65
City View,Goa,Standard,High,Saturday,0,1,51.78,66.81,24,6708.05,7901.44
The Meridian,Hyderabad,Suite,High,Tuesday,0,0,42.35,74.82,38,12970.07,14636.42
City View,Goa,Standard,Low,Sunday,0,1,22.22,29.98,4,4617.46,3832.3
Lakeside Inn,Mumbai,Standard,Low,Saturday,0,1,81.58,95.48,32,7445.34,6960.78
Sunrise Hotel,Hyderabad,Deluxe,Low,Wednesday,0,0,54.12,56.12,73,6030.08,6012.66
Lakeside Inn,Hyderabad,Standard,Shoulder,Wednesday,0,0,51.03,40.85,41,2748.2,2536.69
Sunrise Hotel,Jaipur,Deluxe,Low,Saturday,0,1,53.31,51.37,148,5255.39,6240.72
Grand Palace,Jaipur,Suite,Shoulder,Sunday,0,1,43.91,51.54,24,10146.85,11330.79
Lakeside Inn,Delhi,Standard,Shoulder,Saturday,0,1,63.37,80.76,40,4622.98,5461.33
Grand Palace,Goa,Deluxe,Peak,Thursday,0,0,62.75,85.58,35,11482.06,14044.45
The Meridian,Jaipur,Deluxe,High,Monday,0,0,60.13,56.79,60,9736.49,10700.16
City View,Delhi,Standard,High,Friday,1,0,45.66,53.66,34,5860.37,6281.32
Sunrise Hotel,Jaipur,Deluxe,High,Thursday,0,0,71.7,79.75,23,7723.01,9459.37
City View,Goa,Standard,Low,Tuesday,0,0,40.62,56.74,38,3818.01,3805.12
Grand Palace,Hyderabad,Deluxe,High,Saturday,0,1,55.56,82.89,42,10146.63,11851.41
Sunrise Hotel,Bengaluru,Standard,Shoulder,Tuesday,1,0,38.5,51.83,54,4565.03,4797.58
City View,Goa,Deluxe,High,Tuesday,0,0,45.19,58.81,42,8834.93,8852.48
Lakeside Inn,Mumbai,Standard,Shoulder,Thursday,0,0,58.16,68.59,92,3729.31,4328.65
Royal Residency,Jaipur,Suite,Peak,Friday,0,0,72.9,97.9,121,13629.55,16840.0
Grand Palace,Jaipur,Standard,Shoulder,Sunday,0,1,52.7,63.96,25,6251.21,6079.77
City View,Hyderabad,Standard,Shoulder,Wednesday,0,0,59.81,58.58,64,3911.11,4071.96
Grand Palace,Mumbai,Deluxe,Peak,Monday,0,0,45.84,76.31,55,10302.19,12139.66
Grand Palace,Hyderabad,Deluxe,Low,Wednesday,0,0,10.0,25.82,6,5137.55,4752.07
Sunrise Hotel,Mumbai,Deluxe,High,Friday,0,0,52.87,49.28,81,8391.76,9653.23
Sunrise Hotel,Bengaluru,Deluxe,High,Wednesday,0,0,50.18,79.05,19,8197.48,9757.22
Royal Residency,Jaipur,Suite,High,Saturday,0,1,70.68,90.83,18,12465.87,15437.0
Lakeside Inn,Jaipur,Suite,Peak,Saturday,0,1,86.25,97.76,41,13247.23,17108.41
Grand Palace,Bengaluru,Standard,Peak,Thursday,0,0,63.24,77.84,53,8794.87,9967.75
City View,Delhi,Deluxe,Low,Tuesday,0,0,48.7,60.28,52,6058.61,6198.17
The Meridian,Hyderabad,Suite,High,Friday,1,0,58.28,70.19,37,13154.47,15496.3
Grand Palace,Bengaluru,Executive,High,Friday,0,0,83.98,71.7,35,10812.0,13882.51
Grand Palace,Hyderabad,Executive,High,Wednesday,0,0,67.12,60.13,35,9402.01,11195.01
Royal Residency,Goa,Standard,Low,Thursday,0,0,17.83,30.21,35,4671.35,3458.54
Lakeside Inn,Jaipur,Standard,High,Wednesday,1,0,78.65,83.1,44,5801.07,6697.81
The Meridian,Hyderabad,Deluxe,Peak,Wednesday,0,0,79.55,90.85,65,12318.63,13957.03
Sunrise Hotel,Mumbai,Deluxe,Peak,Friday,0,0,81.8,100.0,58,11451.46,13468.69
Sunrise Hotel,Hyderabad,Deluxe,Shoulder,Wednesday,0,0,30.85,48.7,62,4355.52,5389.59
City View,Goa,Deluxe,Low,Tuesday,0,0,29.38,30.33,48,5729.57,5522.96
The Meridian,Jaipur,Suite,Shoulder,Wednesday,0,0,30.07,40.4,54,9477.43,11352.93
Sunrise Hotel,Bengaluru,Standard,High,Tuesday,0,0,46.3,61.1,41,5665.31,6062.38
City View,Goa,Suite,High,Friday,0,0,45.69,65.08,55,10551.71,13464.6
Lakeside Inn,Jaipur,Standard,Shoulder,Thursday,0,0,52.3,51.59,44,4120.08,3146.73
City View,Hyderabad,Standard,Low,Saturday,0,1,41.59,60.08,6,4640.64,4290.27
Sunrise Hotel,Delhi,Deluxe,Shoulder,Tuesday,0,0,38.2,55.88,11,6009.16,6603.01
Royal Residency,Delhi,Suite,Shoulder,Thursday,0,0,46.95,47.76,36,9760.24,10905.6
Royal Residency,Mumbai,Standard,Peak,Thursday,0,0,32.87,41.85,13,7854.02,8500.11
Royal Residency,Jaipur,Standard,High,Tuesday,0,0,53.09,66.18,40,6172.36,6477.72
Sunrise Hotel,Delhi,Executive,Shoulder,Friday,0,0,48.22,46.21,50,7545.31,8521.97
Royal Residency,Bengaluru,Standard,Shoulder,Monday,0,0,56.35,52.7,53,4622.7,4644.65
The Meridian,Jaipur,Deluxe,Low,Thursday,0,0,11.47,39.94,36,6690.02,6893.82
Lakeside Inn,Bengaluru,Deluxe,Peak,Thursday,1,0,67.7,84.13,51,9626.93,11879.66
City View,Bengaluru,Deluxe,Shoulder,Friday,0,0,29.18,52.79,63,6465.62,7510.47
City View,Delhi,Deluxe,Shoulder,Friday,0,0,31.19,42.76,67,5154.97,6254.15
Sunrise Hotel,Jaipur,Standard,Shoulder,Wednesday,0,0,44.59,54.46,65,4384.5,3375.81
Royal Residency,Hyderabad,Deluxe,High,Friday,0,0,48.92,63.98,44,8507.75,9395.52
Royal Residency,Goa,Standard,High,Thursday,0,0,43.21,65.19,20,8196.68,7993.3
Grand Palace,Delhi,Deluxe,High,Tuesday,0,0,10.0,22.08,11,7293.71,7348.94
Lakeside Inn,Delhi,Standard,Shoulder,Monday,0,0,31.05,28.99,36,2033.02,1892.18
The Meridian,Hyderabad,Deluxe,Shoulder,Sunday,0,1,47.35,39.02,33,7260.26,8578.93
City View,Jaipur,Standard,Low,Wednesday,0,0,18.78,48.03,64,3699.94,2159.93
Grand Palace,Jaipur,Standard,High,Sunday,0,1,71.18,90.8,23,7949.49,9361.84
Grand Palace,Bengaluru,Standard,Low,Tuesday,0,0,42.86,43.34,45,4227.36,4391.11
Sunrise Hotel,Hyderabad,Standard,High,Monday,0,0,61.07,74.88,6,5746.82,5941.53
City View,Hyderabad,Suite,Peak,Monday,0,0,56.17,82.08,34,12406.9,14470.85
Sunrise Hotel,Jaipur,Standard,Peak,Monday,0,0,56.69,74.96,34,7485.86,8755.21
The Meridian,Bengaluru,Executive,Shoulder,Saturday,0,1,54.71,63.04,22,11149.98,12666.51
Grand Palace,Delhi,Executive,Shoulder,Tuesday,0,0,36.65,48.44,7,8005.86,8962.22
Grand Palace,Mumbai,Deluxe,Low,Wednesday,0,0,34.79,43.01,22,6578.8,6943.72
Lakeside Inn,Goa,Standard,High,Wednesday,0,0,55.96,68.48,93,7050.59,6822.79
The Meridian,Delhi,Standard,High,Monday,1,0,69.58,91.25,21,8767.88,10075.89
Grand Palace,Jaipur,Suite,Low,Tuesday,0,0,50.49,51.62,118,9368.63,10435.34
The Meridian,Goa,Standard,Shoulder,Saturday,0,1,42.83,58.05,24,8969.7,9238.64
City View,Mumbai,Standard,High,Monday,0,0,31.53,50.72,10,5727.87,5541.43
Royal Residency,Mumbai,Deluxe,Peak,Friday,0,0,98.0,92.82,22,11097.83,14228.34
Grand Palace,Bengaluru,Suite,Low,Sunday,0,1,28.17,35.3,22,8930.37,10707.92
Lakeside Inn,Goa,Suite,High,Wednesday,0,0,10.0,39.12,12,10023.76,11475.01
City View,Bengaluru,Standard,Low,Sunday,0,1,61.91,60.2,30,4547.23,4664.47
The Meridian,Delhi,Deluxe,Low,Thursday,0,0,39.3,32.67,16,7778.73,7939.11
Sunrise Hotel,Hyderabad,Standard,Peak,Monday,1,0,83.49,96.25,36,8631.34,9958.56
City View,Hyderabad,Standard,High,Friday,0,0,38.65,39.43,21,4701.15,4968.46
Grand Palace,Hyderabad,Executive,High,Wednesday,0,0,84.3,76.47,91,10675.92,12018.73
The Meridian,Goa,Standard,Low,Sunday,0,1,44.9,66.49,98,7365.5,6740.91
Royal Residency,Hyderabad,Standard,High,Saturday,0,1,62.55,74.65,167,7630.49,7305.19
City View,Delhi,Standard,Shoulder,Tuesday,0,0,32.49,15.61,48,3735.87,2881.69
Grand Palace,Bengaluru,Executive,Shoulder,Wednesday,0,0,38.93,20.87,53,7321.2,7278.11
Lakeside Inn,Goa,Suite,Shoulder,Sunday,0,1,44.19,58.36,40,8742.12,11623.61
Sunrise Hotel,Bengaluru,Deluxe,Low,Tuesday,0,0,54.33,41.74,23,5214.28,5582.28
The Meridian,Goa,Suite,High,Sunday,0,1,76.24,83.18,42,15590.07,17805.79
City View,Bengaluru,Standard,High,Tuesday,0,0,65.83,62.04,65,5578.38,5622.05
City View,Mumbai,Deluxe,Low,Saturday,1,1,57.58,60.83,58,7676.11,8507.89
Royal Residency,Bengaluru,Standard,Low,Saturday,0,1,20.3,21.03,35,3655.62,3190.34
Royal Residency,Hyderabad,Standard,Low,Monday,1,0,75.0,64.51,39,4247.94,4656.82
Lakeside Inn,Mumbai,Deluxe,Low,Monday,0,0,24.16,35.91,13,4709.85,4416.59
Sunrise Hotel,Bengaluru,Executive,High,Wednesday,0,0,66.11,57.43,38,9537.79,11004.76
Lakeside Inn,Goa,Standard,High,Saturday,0,1,68.19,58.02,17,6543.14,7414.16
Grand Palace,Goa,Standard,Low,Friday,0,0,32.85,23.43,56,4421.75,4348.67
Grand Palace,Goa,Standard,Low,Sunday,0,1,61.28,75.61,55,8018.24,7506.31
Lakeside Inn,Jaipur,Standard,High,Sunday,0,1,71.44,84.14,80,6047.15,7267.05
Sunrise Hotel,Delhi,Executive,High,Sunday,0,1,56.43,84.37,23,10047.48,12036.99
Lakeside Inn,Goa,Deluxe,Shoulder,Wednesday,0,0,29.89,41.97,5,5195.82,5967.56
Sunrise Hotel,Mumbai,Deluxe,Shoulder,Sunday,0,1,31.36,30.67,43,6489.41,6759.93
Sunrise Hotel,Goa,Suite,High,Thursday,0,0,61.52,92.43,51,12493.6,15094.09
The Meridian,Jaipur,Standard,Shoulder,Tuesday,0,0,38.77,50.91,48,5747.11,5834.63
Sunrise Hotel,Hyderabad,Deluxe,Low,Sunday,0,1,66.12,56.92,9,6292.61,6779.49
Royal Residency,Mumbai,Standard,High,Tuesday,0,0,45.99,57.97,105,5961.16,6738.38
Sunrise Hotel,Jaipur,Deluxe,High,Monday,1,0,45.08,42.38,58,6195.18,7242.73
Sunrise Hotel,Hyderabad,Executive,High,Sunday,0,1,78.63,88.98,57,10359.74,12370.22
Sunrise Hotel,Mumbai,Suite,High,Friday,0,0,36.44,48.19,59,10710.1,13199.0
Grand Palace,Bengaluru,Standard,High,Saturday,0,1,64.58,80.65,28,8250.81,9158.77
Royal Residency,Delhi,Suite,Low,Saturday,0,1,55.62,65.79,5,9993.21,11513.78
Royal Residency,Delhi,Standard,Shoulder,Monday,0,0,20.23,49.68,49,4321.36,3534.84
Lakeside Inn,Jaipur,Standard,Low,Thursday,0,0,51.77,51.58,35,3166.19,1765.66
The Meridian,Hyderabad,Standard,Low,Wednesday,0,0,51.17,63.85,71,6363.79,5799.96
Sunrise Hotel,Delhi,Standard,High,Wednesday,0,0,52.38,51.91,46,4788.73,5093.42
City View,Hyderabad,Deluxe,Peak,Friday,0,0,65.63,75.3,2,9154.91,12728.48
The Meridian,Hyderabad,Deluxe,Peak,Monday,0,0,55.65,69.85,22,10815.33,13187.74
The Meridian,Jaipur,Executive,High,Monday,0,0,32.52,37.25,11,9445.08,10813.41
Royal Residency,Jaipur,Deluxe,Low,Thursday,0,0,42.2,49.01,20,5815.69,6585.56
The Meridian,Jaipur,Deluxe,Low,Sunday,1,1,80.79,80.52,67,9055.94,10495.78
Sunrise Hotel,Delhi,Standard,High,Wednesday,0,0,68.09,82.27,56,5463.83,6320.15
Sunrise Hotel,Jaipur,Standard,High,Sunday,0,1,84.07,99.0,15,7726.44,8491.7
Grand Palace,Delhi,Deluxe,High,Monday,0,0,18.68,38.17,21,7644.99,8547.67
Sunrise Hotel,Jaipur,Standard,High,Sunday,0,1,78.09,95.8,55,6648.85,7606.55
Sunrise Hotel,Goa,Suite,High,Saturday,0,1,76.53,75.59,63,13024.12,15902.55
Royal Residency,Hyderabad,Standard,High,Friday,0,0,74.32,85.41,41,6491.76,8304.33
Sunrise Hotel,Jaipur,Standard,Low,Wednesday,0,0,21.56,39.47,24,2422.48,1874.92
Grand Palace,Mumbai,Standard,High,Thursday,0,0,35.83,55.57,88,8353.03,7800.26
City View,Hyderabad,Standard,Peak,Friday,0,0,38.49,55.99,52,7075.35,8168.86
Royal Residency,Hyderabad,Standard,Shoulder,Tuesday,0,0,55.8,55.86,7,4323.47,4816.04
City View,Jaipur,Deluxe,High,Saturday,0,1,74.53,80.2,115,8605.92,10378.38
Royal Residency,Bengaluru,Standard,Shoulder,Thursday,0,0,10.0,29.36,59,4095.96,3177.08
Lakeside Inn,Jaipur,Deluxe,Peak,Friday,0,0,34.2,42.7,40,7760.67,9495.5
The Meridian,Hyderabad,Standard,Low,Monday,0,0,43.14,50.81,34,5948.58,4579.37
Lakeside Inn,Mumbai,Standard,High,Tuesday,0,0,48.11,70.41,23,5875.18,6805.15
Sunrise Hotel,Hyderabad,Standard,Low,Thursday,0,0,21.67,31.18,60,3201.0,2101.15
City View,Mumbai,Suite,High,Monday,0,0,51.33,46.37,19,10001.85,12046.42
Sunrise Hotel,Delhi,Standard,Low,Saturday,1,1,63.28,72.18,13,4906.99,5897.62
The Meridian,Goa,Suite,Low,Tuesday,0,0,53.22,70.99,44,11586.9,13632.55
Royal Residency,Hyderabad,Standard,Shoulder,Wednesday,0,0,29.34,38.07,17,4676.04,3495.43
The Meridian,Jaipur,Suite,Peak,Monday,0,0,47.48,60.69,20,13765.31,16378.28
Grand Palace,Delhi,Standard,Low,Friday,0,0,43.15,49.18,64,5638.12,4988.25
The Meridian,Goa,Deluxe,Low,Sunday,0,1,38.1,63.89,53,9537.97,9803.78
Grand Palace,Jaipur,Deluxe,High,Thursday,0,0,40.78,57.9,19,8478.05,10030.04
The Meridian,Bengaluru,Executive,Shoulder,Tuesday,0,0,70.5,73.35,108,10087.03,11271.78
Grand Palace,Jaipur,Standard,Peak,Monday,0,0,69.49,85.62,40,9167.7,10056.38
City View,Mumbai,Standard,Low,Wednesday,0,0,24.02,39.66,26,3583.0,2607.83
Sunrise Hotel,Mumbai,Standard,High,Sunday,0,1,33.49,50.71,23,6031.87,6232.11
Sunrise Hotel,Bengaluru,Suite,Low,Thursday,0,0,59.26,63.47,19,9206.09,11010.48
Lakeside Inn,Delhi,Deluxe,Low,Thursday,0,0,45.41,61.69,53,5140.59,5313.93
Sunrise Hotel,Goa,Suite,High,Monday,1,0,59.85,66.76,21,11499.11,14060.59
Royal Residency,Jaipur,Standard,High,Wednesday,0,0,49.42,67.91,34,6546.79,6792.73
The Meridian,Mumbai,Standard,High,Saturday,0,1,46.83,70.89,33,9570.66,10404.41
Lakeside Inn,Delhi,Standard,Shoulder,Sunday,0,1,53.52,62.29,20,4081.58,4305.0
Royal Residency,Bengaluru,Executive,Shoulder,Saturday,1,1,38.92,48.65,21,8213.09,9786.28
Royal Residency,Hyderabad,Deluxe,Shoulder,Tuesday,0,0,30.35,28.65,13,6081.97,6223.72
Grand Palace,Mumbai,Executive,Peak,Monday,0,0,78.01,84.35,61,12308.77,15720.67
Sunrise Hotel,Bengaluru,Standard,Shoulder,Sunday,0,1,52.28,68.13,48,5454.8,5851.88
City View,Jaipur,Deluxe,Shoulder,Tuesday,0,0,34.76,38.13,33,4514.11,4971.9
City View,Goa,Deluxe,Shoulder,Saturday,0,1,32.61,44.51,18,7636.79,8536.76
Lakeside Inn,Mumbai,Standard,High,Sunday,0,1,79.37,89.07,54,7209.96,7743.14
City View,Mumbai,Suite,Shoulder,Thursday,0,0,31.02,34.99,50,8298.66,9665.26
The Meridian,Jaipur,Executive,Peak,Tuesday,1,0,60.82,81.78,77,13427.5,15564.38
City View,Hyderabad,Executive,Shoulder,Wednesday,0,0,29.0,44.0,56,6541.74,7239.03
Lakeside Inn,Delhi,Deluxe,Peak,Friday,0,0,45.71,52.46,17,8005.59,10218.73
City View,Goa,Standard,Low,Saturday,0,1,58.93,57.69,24,5467.85,5436.35
The Meridian,Mumbai,Standard,High,Saturday,1,1,76.52,82.32,80,10065.4,11258.67
Grand Palace,Goa,Executive,Peak,Wednesday,0,0,54.56,78.04,14,13176.24,15083.83
Lakeside Inn,Mumbai,Standard,Low,Sunday,0,1,38.54,57.22,45,4622.46,3833.7
Grand Palace,Goa,Deluxe,Peak,Sunday,0,1,75.1,100.0,56,12804.32,15249.21
Grand Palace,Bengaluru,Deluxe,Shoulder,Sunday,0,1,52.47,71.26,55,9066.8,9271.8
Grand Palace,Mumbai,Deluxe,Peak,Tuesday,0,0,42.14,73.54,15,10506.81,12261.02
Royal Residency,Goa,Executive,High,Monday,0,0,61.06,64.82,33,10367.97,11301.28
Sunrise Hotel,Delhi,Standard,Shoulder,Thursday,0,0,52.59,69.69,14,5235.44,5428.38
Royal Residency,Bengaluru,Standard,Low,Friday,0,0,51.43,57.08,24,4944.21,5029.91
Sunrise Hotel,Bengaluru,Standard,Shoulder,Monday,0,0,19.63,27.79,35,3421.09,1888.8
Grand Palace,Delhi,Standard,Low,Monday,0,0,47.56,58.29,58,5305.41,4692.32
Lakeside Inn,Goa,Standard,Low,Wednesday,0,0,44.32,62.4,53,4716.42,3834.77
Sunrise Hotel,Jaipur,Standard,Low,Tuesday,0,0,55.19,67.65,39,3427.66,3784.59
The Meridian,Delhi,Suite,Shoulder,Saturday,0,1,31.78,49.38,32,12495.66,13727.43
The Meridian,Goa,Executive,High,Saturday,0,1,54.2,66.36,40,13286.76,14645.88
City View,Delhi,Standard,Low,Wednesday,0,0,40.66,31.81,44,2636.82,2711.22
Sunrise Hotel,Delhi,Standard,Low,Tuesday,0,0,45.64,49.31,29,3269.92,3572.62
Lakeside Inn,Mumbai,Executive,High,Wednesday,0,0,62.98,73.26,2,9413.81,10963.58
Royal Residency,Goa,Standard,Low,Saturday,0,1,26.01,47.81,23,6046.85,5616.26
Grand Palace,Jaipur,Standard,Low,Monday,0,0,40.94,43.01,35,4477.89,3538.53
City View,Mumbai,Standard,Low,Thursday,1,0,26.53,24.25,55,3555.56,2189.4
The Meridian,Delhi,Deluxe,Peak,Sunday,0,1,84.68,100.0,24,13346.55,16025.74
Royal Residency,Hyderabad,Standard,High,Tuesday,0,0,35.84,41.09,22,5723.33,5314.92
Royal Residency,Delhi,Executive,Shoulder,Friday,0,0,39.8,50.25,4,7668.4,9398.98
Grand Palace,Delhi,Standard,High,Friday,1,0,67.45,74.34,37,7485.14,9030.99
Sunrise Hotel,Goa,Deluxe,Shoulder,Monday,0,0,51.4,45.64,37,6907.62,7474.56
The Meridian,Goa,Standard,High,Wednesday,0,0,55.76,63.96,12,10119.1,10055.16
Lakeside Inn,Mumbai,Deluxe,High,Wednesday,0,0,30.33,48.84,53,6991.82,7953.71
Royal Residency,Jaipur,Deluxe,High,Saturday,0,1,47.14,68.41,35,9007.65,9999.91
Grand Palace,Mumbai,Suite,Shoulder,Monday,0,0,55.29,58.57,14,11002.35,13102.72
Lakeside Inn,Bengaluru,Suite,Low,Saturday,0,1,49.99,72.71,26,9006.28,11086.66
Sunrise Hotel,Delhi,Deluxe,Shoulder,Saturday,0,1,42.28,49.11,32,7127.63,8239.82
The Meridian,Hyderabad,Executive,Peak,Friday,0,0,38.49,51.15,18,12146.68,14224.89
Sunrise Hotel,Delhi,Suite,High,Saturday,0,1,40.2,62.1,75,11685.9,13679.8
Royal Residency,Delhi,Suite,High,Sunday,0,1,89.45,98.94,21,11937.76,15495.71
Lakeside Inn,Mumbai,Standard,Peak,Saturday,0,1,66.87,72.93,8,9243.87,10501.34
Lakeside Inn,Hyderabad,Standard,Low,Friday,0,0,22.23,43.64,13,2936.75,3054.62
Lakeside Inn,Hyderabad,Standard,High,Sunday,0,1,80.93,92.82,42,6583.46,7384.03
Royal Residency,Hyderabad,Deluxe,High,Wednesday,0,0,48.96,55.62,53,7699.02,8675.67
Royal Residency,Mumbai,Standard,Peak,Tuesday,0,0,66.33,70.68,42,7988.49,9431.71
Sunrise Hotel,Delhi,Standard,Peak,Thursday,0,0,70.65,84.12,52,8369.27,8639.87
City View,Mumbai,Executive,High,Saturday,0,1,93.78,96.97,24,10924.84,13556.97
Sunrise Hotel,Goa,Executive,Low,Sunday,1,1,42.98,53.96,6,8225.25,9098.5
The Meridian,Goa,Executive,High,Tuesday,0,0,64.92,82.49,115,12124.82,14798.14
Grand Palace,Mumbai,Standard,Low,Friday,0,0,23.92,41.06,44,5470.13,4948.61
Lakeside Inn,Hyderabad,Deluxe,High,Tuesday,0,0,32.15,50.6,29,6138.39,7163.68
City View,Delhi,Standard,Peak,Thursday,0,0,52.48,76.49,35,7675.06,8034.04
Grand Palace,Mumbai,Standard,Shoulder,Tuesday,0,0,25.8,28.79,111,5246.32,4219.84
City View,Mumbai,Standard,High,Sunday,0,1,62.59,79.61,19,7106.82,8300.57
Sunrise Hotel,Mumbai,Standard,Shoulder,Tuesday,1,0,82.92,97.1,30,6331.85,8065.23
Royal Residency,Bengaluru,Standard,Shoulder,Tuesday,0,0,37.5,60.48,55,5258.45,4472.4
Lakeside Inn,Goa,Suite,Shoulder,Tuesday,1,0,33.7,51.53,35,8992.57,9967.89
Sunrise Hotel,Hyderabad,Standard,High,Monday,0,0,55.01,77.73,8,6228.59,6453.65
Grand Palace,Jaipur,Deluxe,Peak,Saturday,0,1,79.06,69.96,94,11684.76,13227.18
Grand Palace,Hyderabad,Deluxe,Peak,Friday,0,0,49.44,62.31,96,10579.17,11817.37
Grand Palace,Jaipur,Standard,Low,Thursday,0,0,35.35,43.92,45,5253.0,4426.48
Grand Palace,Bengaluru,Deluxe,Peak,Friday,0,0,60.09,74.23,124,11016.74,12918.63
Grand Palace,Mumbai,Standard,High,Monday,0,0,52.34,44.89,37,6799.5,6740.93
City View,Bengaluru,Deluxe,Shoulder,Monday,0,0,17.25,40.71,42,5247.39,5796.23
Sunrise Hotel,Bengaluru,Standard,Low,Sunday,1,1,49.4,60.98,3,4770.01,5495.62
Lakeside Inn,Delhi,Standard,Shoulder,Monday,0,0,38.37,66.59,33,3734.02,2841.07
Royal Residency,Goa,Standard,Peak,Saturday,0,1,29.41,64.89,38,9210.59,10609.0
Royal Residency,Jaipur,Deluxe,High,Monday,0,0,28.41,43.6,71,6220.7,7185.11
Sunrise Hotel,Mumbai,Executive,High,Tuesday,0,0,57.8,65.46,33,10050.73,11006.14
Sunrise Hotel,Jaipur,Standard,Shoulder,Friday,0,0,42.13,61.11,28,4716.46,4254.26
Royal Residency,Hyderabad,Deluxe,High,Wednesday,0,0,61.95,70.72,16,8889.02,9756.88
Royal Residency,Jaipur,Deluxe,Low,Thursday,0,0,41.44,49.24,18,5730.0,5898.92
City View,Hyderabad,Executive,Shoulder,Monday,0,0,32.2,40.96,11,6473.65,7075.17
The Meridian,Goa,Suite,High,Friday,0,0,72.07,72.47,36,14419.73,18021.2
Lakeside Inn,Hyderabad,Deluxe,Low,Sunday,0,1,48.63,66.58,44,5716.79,5932.58
Grand Palace,Jaipur,Deluxe,High,Monday,0,0,52.51,59.4,40,7774.85,8643.89
The Meridian,Jaipur,Executive,Low,Saturday,0,1,16.18,41.72,24,9542.23,9670.56
Sunrise Hotel,Hyderabad,Standard,High,Monday,0,0,41.83,49.81,38,5028.28,5628.69
Royal Residency,Bengaluru,Standard,Shoulder,Monday,0,0,44.42,57.3,40,5372.13,4732.59
The Meridian,Goa,Standard,High,Monday,0,0,22.11,41.38,34,7541.0,7933.64
Lakeside Inn,Delhi,Suite,Low,Sunday,0,1,68.34,78.48,38,8407.23,10695.02
Sunrise Hotel,Mumbai,Suite,Low,Monday,0,0,24.27,38.61,34,8568.8,9488.39
Grand Palace,Jaipur,Standard,Peak,Thursday,0,0,80.74,77.33,98,8483.04,10388.0
Grand Palace,Mumbai,Deluxe,Shoulder,Friday,0,0,20.62,54.82,16,8574.43,8463.33
Lakeside Inn,Delhi,Deluxe,High,Saturday,1,1,61.05,71.43,71,8043.41,9416.4
Lakeside Inn,Mumbai,Standard,Peak,Monday,0,0,55.01,66.56,4,7902.22,8175.96
Royal Residency,Delhi,Executive,Low,Monday,0,0,35.61,46.85,60,6932.82,7321.25
Grand Palace,Hyderabad,Standard,Shoulder,Monday,0,0,21.81,33.05,20,4211.97,3652.52
Sunrise Hotel,Bengaluru,Standard,High,Monday,0,0,40.09,48.05,54,5254.9,5656.25
The Meridian,Jaipur,Deluxe,Peak,Tuesday,0,0,59.26,59.31,16,11317.74,12845.3
Sunrise Hotel,Delhi,Deluxe,Peak,Tuesday,0,0,57.02,89.93,50,9159.73,11252.94
City View,Mumbai,Standard,Shoulder,Wednesday,0,0,33.41,50.57,19,4871.62,4433.7
City View,Jaipur,Deluxe,High,Monday,1,0,38.61,59.9,69,6444.25,8325.84
Lakeside Inn,Bengaluru,Deluxe,Low,Wednesday,0,0,35.95,57.22,25,5651.8,5131.69
Royal Residency,Hyderabad,Standard,Peak,Thursday,0,0,54.82,62.67,34,7349.0,8179.93
City View,Jaipur,Standard,Peak,Wednesday,0,0,43.36,45.69,2,6286.1,7038.15
Grand Palace,Delhi,Deluxe,Low,Friday,0,0,55.55,54.76,17,7183.17,8646.23
Sunrise Hotel,Bengaluru,Standard,Shoulder,Tuesday,0,0,61.85,68.05,76,4357.64,4257.74
Sunrise Hotel,Mumbai,Executive,Low,Tuesday,1,0,56.73,60.81,19,7816.58,8871.26
Lakeside Inn,Bengaluru,Suite,Shoulder,Monday,0,0,10.0,18.58,13,6575.82,7443.77
The Meridian,Bengaluru,Executive,High,Monday,0,0,66.23,62.67,49,11304.29,12972.66
Lakeside Inn,Goa,Standard,Shoulder,Thursday,0,0,31.65,41.16,37,3739.56,2803.96
The Meridian,Bengaluru,Executive,Low,Saturday,1,1,66.33,68.29,119,10449.25,11441.29
Lakeside Inn,Bengaluru,Standard,Shoulder,Thursday,0,0,13.41,33.14,23,3127.42,2796.05
Lakeside Inn,Jaipur,Standard,Peak,Friday,0,0,53.62,68.33,43,6570.43,7893.33
Lakeside Inn,Mumbai,Standard,High,Monday,0,0,44.79,43.12,49,5580.05,5101.46
The Meridian,Jaipur,Standard,Shoulder,Monday,0,0,39.73,48.1,20,6048.76,5682.98
The Meridian,Jaipur,Deluxe,Low,Thursday,0,0,13.48,25.64,117,6557.64,6083.62
Lakeside Inn,Delhi,Deluxe,Peak,Thursday,0,0,77.98,79.12,32,8953.78,11317.55
City View,Jaipur,Standard,High,Thursday,0,0,31.33,52.49,11,4432.18,4220.57
Royal Residency,Goa,Deluxe,Shoulder,Tuesday,0,0,10.0,5.0,4,6878.26,5759.04
Royal Residency,Goa,Standard,Low,Wednesday,0,0,52.41,56.11,42,4825.38,4429.9
Royal Residency,Delhi,Deluxe,Low,Wednesday,0,0,63.53,51.92,16,6215.39,6986.62
The Meridian,Hyderabad,Standard,Low,Monday,0,0,47.85,63.94,77,6215.44,5619.53
The Meridian,Mumbai,Suite,High,Tuesday,0,0,24.9,33.74,44,12712.03,14604.75
City View,Mumbai,Suite,Peak,Thursday,0,0,47.9,63.84,8,12264.34,15404.5
Royal Residency,Jaipur,Deluxe,Shoulder,Monday,0,0,40.8,46.84,27,5702.25,6155.4
Royal Residency,Jaipur,Standard,High,Tuesday,0,0,64.1,71.0,37,5449.05,6516.65
Lakeside Inn,Hyderabad,Standard,Shoulder,Friday,0,0,31.04,24.52,33,2107.14,2692.04
The Meridian,Jaipur,Suite,High,Saturday,0,1,72.37,79.04,60,13609.31,17104.05
Royal Residency,Mumbai,Standard,High,Tuesday,0,0,40.12,55.0,34,7241.48,7002.88
Sunrise Hotel,Bengaluru,Standard,Low,Sunday,0,1,31.94,29.03,13,2763.54,2342.58
City View,Goa,Standard,Shoulder,Monday,0,0,29.2,34.49,26,5089.38,3295.19
Sunrise Hotel,Bengaluru,Deluxe,High,Wednesday,0,0,65.02,70.2,35,8596.17,8977.99
Sunrise Hotel,Bengaluru,Deluxe,Low,Sunday,0,1,32.31,29.61,38,4729.56,5411.05
City View,Mumbai,Suite,Shoulder,Thursday,0,0,60.51,53.92,15,8848.82,11324.18
Sunrise Hotel,Bengaluru,Standard,Shoulder,Saturday,0,1,44.81,58.97,39,5070.86,5169.56
Royal Residency,Hyderabad,Standard,Peak,Friday,0,0,51.49,69.45,19,8315.29,9904.87
The Meridian,Delhi,Suite,Shoulder,Saturday,0,1,30.8,32.11,55,11048.46,12605.08
City View,Jaipur,Suite,High,Saturday,0,1,53.83,51.23,64,10200.94,12554.2
Lakeside Inn,Delhi,Standard,Shoulder,Tuesday,0,0,32.91,39.42,46,2752.66,2744.66
Sunrise Hotel,Goa,Deluxe,High,Monday,0,0,51.22,47.25,57,8083.96,9395.07
City View,Jaipur,Standard,High,Monday,0,0,54.73,58.33,48,5468.17,5582.13
Grand Palace,Bengaluru,Executive,Peak,Saturday,0,1,76.45,95.69,27,13041.34,16234.16
Grand Palace,Goa,Standard,Shoulder,Thursday,0,0,39.4,41.18,15,5693.02,5833.18
The Meridian,Jaipur,Executive,High,Monday,0,0,43.86,58.79,40,10854.23,12715.66
Royal Residency,Hyderabad,Deluxe,High,Saturday,0,1,58.81,68.8,41,8858.56,10469.85
The Meridian,Hyderabad,Deluxe,Shoulder,Monday,0,0,37.8,59.19,44,8569.95,8326.39
The Meridian,Hyderabad,Standard,Low,Thursday,0,0,51.07,63.11,24,6313.8,6305.92
The Meridian,Hyderabad,Deluxe,Low,Friday,0,0,51.74,50.91,82,8620.02,8817.15
The Meridian,Bengaluru,Standard,Low,Sunday,0,1,54.34,56.91,52,7246.89,6768.13
Lakeside Inn,Delhi,Standard,Peak,Saturday,0,1,76.9,86.21,45,8506.72,9916.6
Lakeside Inn,Jaipur,Deluxe,Low,Wednesday,1,0,62.73,72.99,10,5056.35,5629.35
City View,Bengaluru,Executive,Low,Wednesday,0,0,43.97,51.67,11,6205.41,7222.69
Grand Palace,Hyderabad,Deluxe,High,Saturday,0,1,64.67,94.31,59,10844.18,12178.86
The Meridian,Delhi,Deluxe,Shoulder,Tuesday,0,0,30.03,39.13,39,7740.59,7826.1
City View,Goa,Standard,Shoulder,Friday,0,0,23.39,26.3,47,4555.18,3907.63
Grand Palace,Goa,Standard,Low,Tuesday,0,0,17.98,35.63,54,4834.45,3939.76
Sunrise Hotel,Goa,Standard,Peak,Sunday,0,1,44.08,75.12,37,9563.47,10248.46
Royal Residency,Hyderabad,Deluxe,Peak,Wednesday,0,0,89.57,95.46,13,10859.44,13087.23
Lakeside Inn,Goa,Executive,Peak,Thursday,0,0,68.82,83.31,12,10912.3,13927.84
Sunrise Hotel,Mumbai,Deluxe,Shoulder,Saturday,0,1,39.88,46.08,44,7072.22,8213.61
Grand Palace,Jaipur,Standard,High,Sunday,1,1,81.26,92.32,102,7720.77,9012.16
Sunrise Hotel,Jaipur,Standard,Low,Monday,0,0,25.59,43.19,19,3221.46,2011.57
Royal Residency,Hyderabad,Deluxe,Low,Wednesday,1,0,58.19,75.88,18,6879.98,7863.94
Grand Palace,Mumbai,Standard,Low,Friday,1,0,54.67,48.33,7,5453.4,5833.02
Sunrise Hotel,Bengaluru,Suite,High,Wednesday,0,0,29.11,41.46,24,9240.75,11382.1
Lakeside Inn,Bengaluru,Suite,Shoulder,Friday,0,0,32.1,42.39,64,8369.34,9384.63
Lakeside Inn,Goa,Deluxe,Shoulder,Friday,0,0,26.38,40.34,21,6750.85,7078.83
City View,Delhi,Standard,Low,Saturday,0,1,22.27,36.19,25,3750.04,4111.76
Sunrise Hotel,Bengaluru,Standard,Shoulder,Friday,0,0,54.68,53.2,51,4899.88,4866.15
The Meridian,Delhi,Standard,High,Tuesday,0,0,43.25,82.95,7,8194.61,9059.59
Sunrise Hotel,Jaipur,Standard,Shoulder,Sunday,0,1,27.64,39.29,73,3689.69,3720.19
Grand Palace,Delhi,Standard,High,Thursday,0,0,65.08,76.62,16,7826.91,8180.07
Grand Palace,Jaipur,Deluxe,Low,Wednesday,0,0,46.9,36.51,45,5263.81,5008.47
Sunrise Hotel,Mumbai,Deluxe,High,Thursday,0,0,40.02,62.65,14,9240.61,10074.22
Royal Residency,Mumbai,Standard,High,Sunday,0,1,45.31,71.18,12,7629.69,8153.44
Lakeside Inn,Hyderabad,Standard,Low,Monday,0,0,28.02,44.65,43,1800.0,1500.0
Grand Palace,Hyderabad,Standard,Low,Sunday,0,1,57.55,61.62,22,5583.27,5443.32
Lakeside Inn,Goa,Standard,High,Wednesday,0,0,41.16,48.66,81,5755.75,6060.34
Grand Palace,Bengaluru,Suite,High,Thursday,0,0,52.08,81.11,22,12091.79,14579.08
City View,Goa,Standard,Shoulder,Thursday,0,0,43.68,52.05,58,5494.42,5694.93
The Meridian,Jaipur,Standard,Shoulder,Saturday,0,1,70.21,66.7,57,7305.5,8197.12
Grand Palace,Goa,Standard,Peak,Saturday,0,1,61.75,72.08,48,10557.16,12171.04
Lakeside Inn,Delhi,Executive,High,Sunday,0,1,48.71,57.39,27,7993.11,9683.89
City View,Jaipur,Deluxe,Shoulder,Sunday,0,1,60.92,71.56,38,6476.92,7621.87
Grand Palace,Hyderabad,Standard,Shoulder,Monday,0,0,27.75,28.79,21,4862.05,3326.77
Royal Residency,Mumbai,Deluxe,Low,Friday,0,0,25.94,47.09,26,7440.76,7167.06
The Meridian,Hyderabad,Deluxe,High,Wednesday,0,0,61.04,77.27,48,9755.95,11715.94
Grand Palace,Bengaluru,Executive,Shoulder,Saturday,0,1,41.85,53.22,27,9284.0,10396.11
City View,Jaipur,Standard,Peak,Wednesday,0,0,68.46,89.38,46,8430.39,8787.87
Royal Residency,Jaipur,Executive,Shoulder,Monday,0,0,40.64,41.2,40,7407.93,7579.21
Sunrise Hotel,Delhi,Executive,Shoulder,Saturday,0,1,24.1,37.12,8,6939.85,7889.37
City View,Bengaluru,Executive,High,Saturday,1,1,67.12,86.24,63,10886.54,12828.45
City View,Mumbai,Deluxe,Peak,Friday,0,0,49.53,75.78,9,10720.68,12163.32
Royal Residency,Jaipur,Deluxe,High,Wednesday,0,0,85.78,100.0,29,8678.14,11296.11
City View,Jaipur,Standard,Shoulder,Wednesday,0,0,35.47,31.77,50,3155.35,2664.32
Royal Residency,Delhi,Suite,High,Wednesday,0,0,45.16,59.47,26,10846.54,12424.95
Grand Palace,Goa,Deluxe,High,Friday,0,0,51.34,52.77,54,9312.26,11400.18
Royal Residency,Mumbai,Deluxe,Shoulder,Saturday,0,1,41.99,53.01,9,8322.92,9003.36
Royal Residency,Hyderabad,Standard,Low,Monday,0,0,10.0,42.44,66,4728.82,3015.16
The Meridian,Bengaluru,Deluxe,Shoulder,Wednesday,0,0,26.37,32.79,44,8411.92,8269.53
Royal Residency,Jaipur,Suite,Low,Thursday,0,0,40.52,51.56,55,8627.33,10049.08
Royal Residency,Jaipur,Standard,Peak,Friday,0,0,58.43,70.0,13,7973.45,9285.16
Sunrise Hotel,Hyderabad,Suite,Shoulder,Tuesday,0,0,54.88,63.84,15,9182.06,11096.35
Grand Palace,Mumbai,Deluxe,Peak,Monday,0,0,45.58,63.92,54,10148.36,11826.82
The Meridian,Goa,Suite,Shoulder,Thursday,0,0,72.98,71.06,12,12522.18,15071.86
Sunrise Hotel,Jaipur,Standard,High,Wednesday,1,0,60.73,74.86,54,5187.38,6393.3
Lakeside Inn,Mumbai,Standard,Shoulder,Tuesday,0,0,49.5,62.8,2,4693.51,4421.88
Grand Palace,Hyderabad,Executive,Low,Monday,0,0,45.67,46.62,14,7029.7,7354.12
Grand Palace,Delhi,Standard,Shoulder,Friday,0,0,28.12,34.07,81,5420.6,4720.21
Lakeside Inn,Goa,Suite,Low,Tuesday,0,0,59.53,41.31,26,8099.77,9830.57
Royal Residency,Bengaluru,Deluxe,High,Saturday,0,1,41.84,53.59,29,8270.62,10492.85
Sunrise Hotel,Jaipur,Deluxe,Shoulder,Sunday,1,1,53.9,61.44,7,6640.57,7931.82
City View,Mumbai,Standard,High,Tuesday,0,0,46.14,65.41,47,5968.26,6134.47
The Meridian,Delhi,Deluxe,Low,Sunday,0,1,54.33,55.64,53,8992.35,8758.52
City View,Bengaluru,Standard,Low,Thursday,0,0,55.26,63.62,32,3797.21,3907.8
Lakeside Inn,Mumbai,Standard,Shoulder,Monday,0,0,31.8,42.91,18,3540.39,2915.22
Grand Palace,Mumbai,Standard,Peak,Thursday,0,0,29.39,46.48,92,7920.82,8337.05
Grand Palace,Bengaluru,Standard,High,Thursday,0,0,68.91,100.0,22,7954.9,8831.16
The Meridian,Delhi,Executive,Shoulder,Wednesday,1,0,39.72,43.33,17,8980.13,9985.43
Grand Palace,Hyderabad,Executive,Shoulder,Friday,0,0,34.15,58.56,37,8139.21,9665.74
Grand Palace,Delhi,Standard,Low,Tuesday,0,0,32.72,23.94,5,3653.37,2359.38
The Meridian,Goa,Deluxe,Peak,Monday,0,0,50.05,76.43,63,12718.66,14605.21
Sunrise Hotel,Jaipur,Standard,High,Saturday,0,1,48.95,61.88,16,6225.03,7008.8
Sunrise Hotel,Bengaluru,Deluxe,Shoulder,Friday,1,0,10.0,13.48,32,4430.59,5063.38
The Meridian,Hyderabad,Suite,High,Friday,0,0,48.74,59.04,7,13416.71,15911.02
Lakeside Inn,Bengaluru,Executive,Low,Monday,0,0,36.59,44.3,32,5720.43,6099.06
Grand Palace,Bengaluru,Standard,Peak,Friday,0,0,61.8,69.94,81,9223.1,9965.91
Grand Palace,Delhi,Suite,Low,Wednesday,0,0,24.43,48.4,5,9039.7,9725.93
Lakeside Inn,Jaipur,Standard,High,Friday,0,0,40.93,59.23,43,5587.84,5992.53
Sunrise Hotel,Goa,Executive,Low,Wednesday,0,0,47.4,45.97,20,7780.98,8603.45
Royal Residency,Mumbai,Standard,High,Tuesday,0,0,60.2,65.38,74,7455.44,7431.89
Royal Residency,Mumbai,Deluxe,High,Tuesday,0,0,26.26,62.51,14,8808.69,9942.03
Royal Residency,Bengaluru,Deluxe,High,Thursday,0,0,53.47,60.61,43,7652.13,9212.56
Sunrise Hotel,Jaipur,Deluxe,High,Wednesday,1,0,37.64,58.49,35,7479.44,8976.54
Sunrise Hotel,Hyderabad,Standard,Peak,Saturday,0,1,68.97,91.32,68,8966.62,10079.61
Lakeside Inn,Delhi,Executive,Low,Tuesday,0,0,31.38,41.04,57,5089.44,5206.71
Grand Palace,Jaipur,Standard,Shoulder,Friday,0,0,48.3,39.91,28,4785.89,4837.16
Lakeside Inn,Jaipur,Deluxe,Low,Monday,0,0,32.35,52.17,30,4720.39,4482.81
Lakeside Inn,Delhi,Standard,Peak,Monday,0,0,48.25,75.97,53,6674.73,7890.81
Sunrise Hotel,Bengaluru,Standard,Shoulder,Sunday,0,1,41.59,45.22,11,4407.32,4518.41
Royal Residency,Jaipur,Deluxe,High,Wednesday,0,0,65.74,80.51,30,9220.41,9965.47
City View,Mumbai,Standard,High,Saturday,0,1,58.28,56.35,22,7124.47,7834.79
Grand Palace,Delhi,Standard,Low,Thursday,0,0,21.53,30.56,11,4315.12,3256.16
Sunrise Hotel,Hyderabad,Standard,Low,Friday,0,0,56.68,54.36,36,4800.79,4161.33
Royal Residency,Goa,Standard,Shoulder,Wednesday,0,0,57.17,69.52,53,6431.73,6251.89
City View,Bengaluru,Suite,Shoulder,Sunday,0,1,43.76,46.92,22,8525.23,10444.12
City View,Delhi,Executive,Low,Monday,0,0,57.88,50.78,47,5951.97,6647.37
Sunrise Hotel,Goa,Standard,Low,Wednesday,0,0,21.54,28.31,45,4270.12,2847.25
The Meridian,Goa,Standard,Peak,Friday,0,0,59.64,59.99,51,11030.97,12384.31
Grand Palace,Hyderabad,Standard,Peak,Saturday,0,1,74.92,98.85,51,10310.62,12038.03
City View,Jaipur,Standard,Shoulder,Saturday,1,1,58.13,68.12,70,4622.26,5724.47
Sunrise Hotel,Hyderabad,Deluxe,Shoulder,Tuesday,0,0,35.81,61.29,42,6610.99,6608.19
Sunrise Hotel,Jaipur,Deluxe,Low,Friday,0,0,44.33,60.21,59,6128.04,6185.96
Royal Residency,Jaipur,Standard,High,Sunday,0,1,25.29,43.75,5,6001.09,5778.86
The Meridian,Delhi,Standard,High,Tuesday,0,0,50.14,46.26,79,7045.41,7782.73
Grand Palace,Delhi,Standard,Low,Tuesday,0,0,57.44,48.84,6,5494.21,4257.79
Lakeside Inn,Bengaluru,Suite,Low,Tuesday,0,0,13.87,21.24,100,6654.8,7662.76
Royal Residency,Jaipur,Executive,High,Wednesday,0,0,31.83,48.24,18,8150.49,9114.88
City View,Goa,Standard,High,Sunday,0,1,63.1,92.98,35,8245.0,9144.74
City View,Mumbai,Standard,Low,Monday,0,0,33.33,37.42,18,3945.76,2687.08
Royal Residency,Bengaluru,Suite,High,Saturday,0,1,61.99,82.94,70,12738.38,15079.58
Sunrise Hotel,Delhi,Executive,Shoulder,Wednesday,1,0,37.65,52.61,33,6643.54,7233.79
City View,Hyderabad,Standard,Shoulder,Monday,0,0,45.39,35.48,29,3706.03,3763.1
The Meridian,Bengaluru,Standard,High,Saturday,0,1,37.79,49.7,47,8434.35,9139.96
Grand Palace,Bengaluru,Standard,High,Sunday,0,1,68.4,76.27,45,7862.08,8916.38
The Meridian,Bengaluru,Deluxe,Shoulder,Sunday,0,1,62.33,75.36,22,8643.82,10098.43
City View,Bengaluru,Standard,Peak,Friday,0,0,38.83,63.88,38,7376.93,8078.72
Lakeside Inn,Mumbai,Standard,Shoulder,Saturday,0,1,27.44,55.96,38,4896.96,5055.43
Grand Palace,Hyderabad,Deluxe,High,Saturday,0,1,47.29,51.72,10,9163.08,10098.88
Grand Palace,Hyderabad,Standard,Shoulder,Sunday,0,1,54.42,45.59,29,5059.39,5212.21
Royal Residency,Hyderabad,Suite,Peak,Saturday,0,1,75.12,87.77,82,12892.31,16342.89
Royal Residency,Jaipur,Standard,Peak,Thursday,0,0,74.64,83.41,50,8279.15,9632.88
Lakeside Inn,Goa,Standard,Low,Friday,0,0,34.24,52.78,18,4384.72,3395.58
Sunrise Hotel,Hyderabad,Deluxe,Peak,Wednesday,1,0,53.25,52.56,46,8161.69,9748.79
Grand Palace,Bengaluru,Standard,High,Wednesday,0,0,56.44,56.6,56,6870.49,6938.45
Lakeside Inn,Bengaluru,Executive,High,Monday,0,0,33.59,49.46,96,6680.15,8323.53
Royal Residency,Hyderabad,Deluxe,Low,Wednesday,0,0,38.81,40.67,43,5752.78,5542.06
Royal Residency,Hyderabad,Standard,High,Tuesday,0,0,32.72,61.44,62,5968.26,6291.48
Grand Palace,Bengaluru,Deluxe,Peak,Saturday,0,1,87.54,97.93,69,12057.23,15269.25
The Meridian,Jaipur,Standard,Shoulder,Wednesday,0,0,34.57,49.13,19,6598.43,5853.28
City View,Delhi,Executive,Peak,Monday,1,0,69.73,100.0,16,10608.88,13006.19
Royal Residency,Delhi,Standard,Low,Monday,1,0,39.46,43.21,11,3878.64,3864.81
Sunrise Hotel,Hyderabad,Deluxe,Low,Tuesday,0,0,10.0,25.16,48,4422.35,3469.11
Sunrise Hotel,Mumbai,Standard,Shoulder,Monday,1,0,63.59,73.37,14,7065.25,6310.24
Royal Residency,Hyderabad,Standard,High,Sunday,0,1,53.51,79.07,18,7287.17,7224.42
The Meridian,Hyderabad,Suite,High,Thursday,0,0,29.66,52.59,53,11677.14,14159.39
The Meridian,Delhi,Suite,Low,Sunday,1,1,57.28,69.13,26,12208.03,14057.67
Lakeside Inn,Bengaluru,Standard,Peak,Saturday,0,1,75.92,94.69,55,8933.62,10920.97
Sunrise Hotel,Hyderabad,Standard,Low,Saturday,1,1,67.6,64.67,62,4933.64,5226.18
Lakeside Inn,Bengaluru,Suite,Low,Saturday,0,1,23.88,44.79,15,8020.97,9290.58
Sunrise Hotel,Bengaluru,Executive,Low,Friday,0,0,45.58,38.82,31,6211.91,7302.39
City View,Mumbai,Standard,High,Wednesday,0,0,43.62,67.07,64,6591.15,6163.32
City View,Bengaluru,Deluxe,Peak,Thursday,1,0,77.9,83.78,35,9378.63,12546.88
Grand Palace,Delhi,Standard,High,Wednesday,0,0,76.64,79.97,103,7053.02,9096.27
Lakeside Inn,Jaipur,Executive,High,Thursday,0,0,51.71,59.14,56,7968.74,9043.98
Royal Residency,Jaipur,Standard,Low,Wednesday,0,0,17.93,31.51,21,3947.96,2818.42
Lakeside Inn,Goa,Standard,Shoulder,Tuesday,0,0,51.26,81.08,67,5223.43,5072.42
Royal Residency,Hyderabad,Suite,Shoulder,Sunday,0,1,27.59,57.44,61,9973.15,11309.31
The Meridian,Delhi,Standard,Shoulder,Monday,0,0,65.0,56.68,30,6629.29,7035.84
Lakeside Inn,Bengaluru,Deluxe,Low,Monday,0,0,39.92,52.31,65,5042.18,4604.82
The Meridian,Jaipur,Standard,High,Sunday,0,1,50.96,75.61,61,8278.04,8781.7
City View,Delhi,Standard,Shoulder,Tuesday,0,0,22.85,41.81,46,3467.85,3218.71
City View,Jaipur,Standard,High,Thursday,0,0,21.15,23.75,47,3587.64,3828.05
Grand Palace,Bengaluru,Deluxe,Shoulder,Sunday,0,1,28.95,40.11,46,6653.85,7390.89
Lakeside Inn,Jaipur,Standard,Low,Friday,0,0,21.49,49.61,56,3419.49,2712.2
The Meridian,Hyderabad,Deluxe,High,Thursday,1,0,35.65,32.93,42,8566.77,9991.55
Royal Residency,Hyderabad,Suite,Low,Monday,0,0,41.07,46.0,17,7848.31,9860.57
City View,Goa,Suite,Peak,Friday,0,0,85.85,82.26,31,12984.72,17264.14
City View,Goa,Standard,High,Wednesday,0,0,72.63,74.67,18,6282.12,7507.49
Royal Residency,Jaipur,Standard,Low,Friday,0,0,12.79,53.37,52,3637.71,3383.35
The Meridian,Delhi,Standard,Peak,Thursday,0,0,85.03,86.42,43,10324.54,11865.43
The Meridian,Hyderabad,Standard,Shoulder,Tuesday,0,0,67.41,67.48,68,5679.41,6146.28
Lakeside Inn,Delhi,Standard,Low,Wednesday,0,0,42.12,60.35,12,3474.19,2913.81
Lakeside Inn,Delhi,Deluxe,High,Thursday,0,0,49.59,65.76,73,7260.37,8123.76
Sunrise Hotel,Jaipur,Standard,Shoulder,Wednesday,0,0,39.47,43.12,4,3714.43,2890.51
Sunrise Hotel,Delhi,Standard,High,Friday,0,0,42.83,64.6,15,6444.53,7211.21
Grand Palace,Hyderabad,Standard,High,Monday,0,0,46.07,59.14,14,6391.59,7112.1
City View,Bengaluru,Deluxe,Peak,Thursday,0,0,82.69,88.65,39,9953.95,12409.52
Lakeside Inn,Goa,Standard,Shoulder,Tuesday,0,0,48.64,53.01,22,4551.43,4645.58
The Meridian,Bengaluru,Deluxe,Shoulder,Sunday,1,1,40.62,57.66,35,9603.95,10036.96
Royal Residency,Delhi,Standard,High,Friday,0,0,77.09,81.54,14,8093.58,8679.18
The Meridian,Bengaluru,Executive,Low,Thursday,0,0,36.58,40.91,40,9357.97,9867.85
City View,Hyderabad,Executive,Shoulder,Tuesday,0,0,28.73,31.76,17,5552.59,6031.57
Sunrise Hotel,Hyderabad,Standard,Shoulder,Thursday,1,0,38.19,52.85,41,4640.71,3959.72
The Meridian,Delhi,Standard,Low,Friday,0,0,27.37,33.46,34,6048.9,5476.77
Grand Palace,Jaipur,Standard,Shoulder,Thursday,0,0,39.91,58.11,11,5091.71,5200.52
City View,Bengaluru,Standard,Peak,Wednesday,0,0,30.75,61.16,7,6591.88,7804.01
Sunrise Hotel,Jaipur,Deluxe,Peak,Friday,1,0,62.3,79.38,37,9658.95,11524.82
Royal Residency,Jaipur,Suite,Low,Thursday,0,0,46.47,58.16,40,8308.06,10042.57
Sunrise Hotel,Mumbai,Deluxe,Low,Sunday,0,1,38.3,45.03,45,5750.84,5991.72
Grand Palace,Delhi,Suite,Shoulder,Monday,0,0,53.74,50.76,8,9850.28,11867.98
City View,Goa,Standard,Peak,Thursday,0,0,42.16,59.37,76,7842.76,8958.15
Royal Residency,Hyderabad,Standard,Low,Wednesday,0,0,36.03,48.42,33,3957.16,3503.76
Grand Palace,Hyderabad,Deluxe,High,Tuesday,0,0,65.83,70.94,38,9199.96,10146.83
Sunrise Hotel,Delhi,Standard,Low,Sunday,0,1,37.09,54.41,5,4116.2,3558.4
Grand Palace,Goa,Deluxe,High,Tuesday,0,0,53.58,63.47,9,9995.09,10887.8
City View,Hyderabad,Standard,Shoulder,Sunday,0,1,46.11,61.22,49,4210.01,3991.7
Lakeside Inn,Delhi,Standard,High,Tuesday,0,0,46.0,59.07,43,4532.2,4903.91
Grand Palace,Hyderabad,Executive,Low,Monday,0,0,54.69,57.45,27,7567.18,8185.99
Grand Palace,Jaipur,Standard,High,Wednesday,0,0,63.67,82.2,55,8281.45,7813.36
Sunrise Hotel,Bengaluru,Executive,Low,Friday,0,0,34.18,32.04,27,7149.8,7671.69
Sunrise Hotel,Bengaluru,Executive,High,Tuesday,0,0,52.42,87.74,31,10164.97,11656.26
Royal Residency,Hyderabad,Suite,Peak,Sunday,0,1,50.28,78.75,68,12238.92,16051.06
Sunrise Hotel,Mumbai,Deluxe,Low,Wednesday,0,0,36.61,72.92,9,7067.53,7148.87
The Meridian,Goa,Deluxe,Peak,Thursday,0,0,44.87,68.94,30,12832.44,13597.79
City View,Goa,Suite,High,Monday,0,0,78.35,72.9,62,12240.01,14624.85
City View,Goa,Standard,Low,Wednesday,0,0,44.78,54.83,95,3811.31,3903.67
Lakeside Inn,Jaipur,Deluxe,Shoulder,Wednesday,0,0,25.24,39.58,22,4964.15,5346.78
Lakeside Inn,Goa,Deluxe,Low,Friday,0,0,45.56,46.02,53,6539.56,7218.03
City View,Bengaluru,Standard,High,Wednesday,0,0,77.43,83.16,69,6663.84,7836.79
Lakeside Inn,Jaipur,Standard,High,Friday,0,0,35.75,58.49,53,4589.49,4843.63
Royal Residency,Delhi,Standard,Low,Monday,1,0,63.65,47.15,67,4014.37,4452.81
Sunrise Hotel,Goa,Deluxe,Shoulder,Monday,0,0,26.42,28.85,10,6352.77,6302.93
City View,Goa,Suite,High,Thursday,1,0,80.24,92.95,42,12283.1,15630.3
Lakeside Inn,Delhi,Standard,Peak,Friday,0,0,59.31,66.27,28,6661.18,8245.11
City View,Goa,Executive,Shoulder,Friday,1,0,62.19,69.8,45,8529.01,10088.54
The Meridian,Delhi,Deluxe,Peak,Tuesday,0,0,46.74,64.58,57,11365.61,13161.85
Grand Palace,Jaipur,Suite,Shoulder,Tuesday,0,0,71.44,61.36,26,9543.24,11702.97
Sunrise Hotel,Bengaluru,Deluxe,Shoulder,Thursday,0,0,43.31,56.29,20,6226.16,7624.93
City View,Delhi,Suite,High,Monday,0,0,58.61,59.8,16,9780.23,11976.27
Grand Palace,Mumbai,Standard,Shoulder,Saturday,1,1,38.48,52.72,20,6867.1,6745.41
Lakeside Inn,Delhi,Suite,Shoulder,Tuesday,0,0,22.88,35.86,47,7822.45,8468.13
Grand Palace,Goa,Standard,Shoulder,Wednesday,0,0,48.28,35.68,13,5160.53,5853.58
Sunrise Hotel,Jaipur,Executive,High,Monday,1,0,69.36,85.91,54,8574.25,10430.93
City View,Hyderabad,Executive,High,Saturday,0,1,61.36,75.24,86,9311.57,11651.51
The Meridian,Jaipur,Standard,Shoulder,Wednesday,0,0,26.93,29.39,43,4668.51,5138.11
Lakeside Inn,Hyderabad,Standard,Shoulder,Sunday,0,1,68.22,51.47,63,3965.41,3966.35
City View,Delhi,Suite,Shoulder,Friday,1,0,63.64,51.17,31,8043.69,10874.92
Sunrise Hotel,Bengaluru,Standard,High,Monday,0,0,39.94,33.05,55,5225.21,5086.99
Lakeside Inn,Mumbai,Suite,Low,Sunday,0,1,71.38,52.25,6,9027.76,10498.66
Royal Residency,Jaipur,Standard,High,Thursday,0,0,50.52,73.12,19,6626.23,7970.62
Grand Palace,Goa,Standard,Shoulder,Friday,0,0,41.88,43.07,62,5621.77,6135.7
Sunrise Hotel,Hyderabad,Executive,Shoulder,Friday,0,0,40.58,48.56,99,7397.42,7768.77
Royal Residency,Goa,Deluxe,Low,Wednesday,1,0,31.33,59.78,54,6883.88,7056.45
City View,Bengaluru,Suite,Low,Sunday,1,1,52.36,58.2,15,8196.22,10609.94
The Meridian,Hyderabad,Standard,Peak,Friday,0,0,63.34,83.23,82,10723.81,11345.58
Lakeside Inn,Jaipur,Deluxe,Shoulder,Tuesday,0,0,68.97,65.4,28,5834.25,6071.92
Grand Palace,Delhi,Deluxe,Low,Monday,0,0,15.46,23.67,41,6056.87,5475.72
Lakeside Inn,Goa,Deluxe,Shoulder,Tuesday,0,0,28.42,40.17,54,5677.87,6203.55
City View,Bengaluru,Deluxe,Shoulder,Wednesday,0,0,78.97,77.61,53,6943.89,8316.27
Lakeside Inn,Jaipur,Deluxe,Low,Saturday,1,1,52.96,65.39,87,6587.99,6997.84
Grand Palace,Jaipur,Standard,Shoulder,Wednesday,0,0,48.13,44.51,50,5750.8,4849.02
City View,Jaipur,Standard,Shoulder,Monday,0,0,38.18,41.39,15,3784.73,3157.93
Lakeside Inn,Jaipur,Suite,High,Friday,0,0,70.67,80.84,67,10321.99,13511.68
The Meridian,Hyderabad,Standard,Shoulder,Sunday,0,1,31.88,41.85,59,6368.16,5485.54
Sunrise Hotel,Jaipur,Deluxe,Shoulder,Sunday,0,1,60.75,67.97,7,6698.64,7533.99
City View,Goa,Standard,Peak,Thursday,0,0,55.37,69.13,27,8486.93,9254.99
Sunrise Hotel,Bengaluru,Deluxe,Shoulder,Wednesday,1,0,26.81,42.5,22,5568.73,6155.42
City View,Hyderabad,Deluxe,Shoulder,Monday,1,0,39.76,49.76,14,5636.36,6220.46
The Meridian,Jaipur,Standard,Low,Thursday,0,0,49.25,44.35,38,5749.14,5290.04
Sunrise Hotel,Mumbai,Standard,Shoulder,Friday,1,0,43.11,46.03,39,5433.79,5721.32
Royal Residency,Mumbai,Standard,High,Saturday,0,1,80.32,88.58,23,8190.18,9169.61
Grand Palace,Bengaluru,Deluxe,Low,Wednesday,0,0,28.4,34.61,66,6272.62,5503.9
Royal Residency,Delhi,Suite,High,Saturday,0,1,42.09,74.96,18,12769.82,14599.82
Lakeside Inn,Delhi,Standard,Low,Monday,0,0,30.86,52.52,23,2682.71,2389.8
The Meridian,Hyderabad,Deluxe,Shoulder,Saturday,1,1,50.26,64.82,28,9535.45,10470.63
Royal Residency,Hyderabad,Standard,High,Saturday,0,1,57.37,83.81,51,6854.48,8129.1
City View,Hyderabad,Deluxe,Shoulder,Monday,0,0,26.68,38.93,70,5226.36,5193.67
Lakeside Inn,Delhi,Executive,High,Monday,0,0,53.2,71.72,15,8157.54,9851.4
Lakeside Inn,Mumbai,Standard,Low,Wednesday,0,0,39.08,54.13,45,3797.01,3715.75
Royal Residency,Delhi,Deluxe,High,Saturday,0,1,85.35,86.55,54,10008.04,12125.64
Royal Residency,Goa,Standard,Low,Thursday,0,0,14.72,18.6,67,3975.46,3266.11
The Meridian,Jaipur,Standard,Peak,Monday,0,0,75.05,80.13,26,10183.81,11211.26
Grand Palace,Hyderabad,Standard,Low,Friday,0,0,48.89,57.62,31,4969.21,5558.86
Royal Residency,Mumbai,Standard,Peak,Saturday,0,1,77.49,77.24,25,10202.86,11649.52
Royal Residency,Bengaluru,Deluxe,Shoulder,Monday,0,0,40.82,37.33,28,6152.26,5798.35
Sunrise Hotel,Bengaluru,Standard,High,Thursday,0,0,37.69,53.18,21,5779.09,6873.06
City View,Jaipur,Deluxe,Shoulder,Sunday,0,1,52.87,40.55,35,4875.01,6037.81
Sunrise Hotel,Mumbai,Standard,Peak,Wednesday,1,0,69.52,90.32,4,8311.86,10451.58
Sunrise Hotel,Delhi,Standard,Low,Saturday,0,1,73.3,86.95,17,5951.01,5991.2
Lakeside Inn,Delhi,Deluxe,Low,Sunday,0,1,42.49,47.22,23,4629.99,6016.04
Grand Palace,Goa,Executive,Shoulder,Monday,0,0,36.43,38.47,38,8944.16,9101.79
City View,Goa,Standard,Low,Monday,0,0,45.04,45.22,55,4261.89,3467.51
The Meridian,Delhi,Executive,Low,Friday,0,0,10.94,22.57,78,7598.78,7546.79
The Meridian,Bengaluru,Deluxe,Peak,Friday,0,0,59.0,63.26,28,12206.67,14194.73
Royal Residency,Hyderabad,Deluxe,Peak,Saturday,0,1,73.22,82.2,66,10654.0,12940.23
Royal Residency,Bengaluru,Deluxe,Shoulder,Sunday,0,1,34.84,42.49,30,6666.38,6609.18
The Meridian,Goa,Standard,Peak,Sunday,0,1,79.91,99.76,98,12461.81,13599.42
Royal Residency,Jaipur,Standard,Shoulder,Monday,0,0,13.97,26.89,31,2863.59,2379.7
Grand Palace,Delhi,Deluxe,Shoulder,Saturday,0,1,60.25,67.61,70,7910.41,9136.25
Sunrise Hotel,Goa,Standard,High,Monday,0,0,61.91,83.56,23,7621.08,7509.15
Royal Residency,Goa,Executive,High,Friday,0,0,58.42,68.34,21,9977.6,12481.41
Lakeside Inn,Hyderabad,Standard,Peak,Thursday,0,0,57.27,71.08,18,6364.43,7234.16
Royal Residency,Delhi,Standard,Shoulder,Tuesday,0,0,26.39,48.45,17,4935.98,4442.62
City View,Hyderabad,Deluxe,High,Tuesday,0,0,37.27,56.83,68,6940.2,7516.48
Grand Palace,Delhi,Standard,Low,Monday,0,0,17.57,16.5,54,2808.83,2369.83
City View,Hyderabad,Deluxe,Low,Sunday,0,1,28.62,41.29,12,5230.26,5395.72
City View,Bengaluru,Deluxe,Low,Friday,0,0,31.19,44.84,23,5537.32,5953.09
Lakeside Inn,Jaipur,Executive,Peak,Wednesday,0,0,41.42,59.83,11,8528.03,11165.58
Grand Palace,Jaipur,Suite,High,Wednesday,0,0,39.62,57.22,80,12552.98,13237.84
Grand Palace,Delhi,Deluxe,High,Tuesday,0,0,73.59,69.71,30,9098.47,10114.07
Grand Palace,Mumbai,Deluxe,Shoulder,Thursday,0,0,27.37,47.03,45,7568.5,8021.49
Grand Palace,Goa,Executive,Shoulder,Tuesday,0,0,63.78,59.82,51,9697.89,10202.69
Grand Palace,Goa,Standard,Low,Monday,0,0,36.97,49.12,16,5438.2,4649.22
Lakeside Inn,Delhi,Standard,Shoulder,Thursday,0,0,34.41,49.94,16,3264.79,2511.61
Royal Residency,Hyderabad,Standard,Shoulder,Wednesday,0,0,32.56,35.03,15,4110.73,4003.4
City View,Mumbai,Standard,High,Sunday,0,1,45.11,54.36,43,6531.67,6425.12
Grand Palace,Bengaluru,Deluxe,Shoulder,Friday,0,0,30.18,39.22,9,7739.25,7785.44
Royal Residency,Hyderabad,Deluxe,Low,Friday,0,0,30.75,34.82,78,6409.33,5655.0
Royal Residency,Hyderabad,Deluxe,Low,Monday,0,0,35.36,42.67,13,5977.66,5674.81
City View,Delhi,Standard,Low,Tuesday,0,0,22.51,30.08,11,3038.1,1922.92
Lakeside Inn,Delhi,Deluxe,Shoulder,Monday,0,0,55.93,56.79,61,5769.49,6384.68
The Meridian,Goa,Standard,Peak,Friday,0,0,37.0,62.77,81,11379.99,11330.37
The Meridian,Delhi,Deluxe,High,Wednesday,0,0,38.34,57.91,98,9996.17,10280.72
Royal Residency,Delhi,Deluxe,High,Friday,1,0,50.11,70.72,63,8111.68,10517.73
Sunrise Hotel,Delhi,Standard,Shoulder,Thursday,0,0,39.21,60.72,3,4899.3,4947.21
Sunrise Hotel,Goa,Standard,Shoulder,Sunday,0,1,66.15,79.62,52,7206.4,6874.36
City View,Bengaluru,Standard,Low,Sunday,0,1,71.13,80.58,18,4659.18,5114.27
The Meridian,Bengaluru,Suite,Peak,Saturday,0,1,33.72,65.05,48,14750.5,18340.39
Royal Residency,Delhi,Executive,High,Friday,0,0,42.64,57.78,14,9345.11,10620.92
Lakeside Inn,Goa,Deluxe,Low,Friday,0,0,27.22,37.11,31,5834.49,5286.02
The Meridian,Bengaluru,Standard,Shoulder,Sunday,0,1,46.49,60.18,67,7056.66,6839.62
Royal Residency,Hyderabad,Standard,Shoulder,Saturday,0,1,35.8,59.33,23,5652.32,5581.02
Royal Residency,Bengaluru,Deluxe,High,Thursday,0,0,41.83,54.84,40,8300.29,8865.19
Grand Palace,Bengaluru,Suite,Peak,Tuesday,0,0,43.15,63.73,35,11926.03,15448.73
Lakeside Inn,Goa,Standard,High,Friday,0,0,36.87,49.04,24,6099.91,6504.61
Grand Palace,Hyderabad,Standard,Shoulder,Sunday,0,1,10.0,17.84,64,4152.3,3147.16
City View,Goa,Deluxe,Low,Monday,1,0,25.28,34.83,32,4800.8,5187.9
Grand Palace,Delhi,Standard,Low,Friday,1,0,46.22,65.13,36,5983.61,5613.25
Grand Palace,Jaipur,Standard,Low,Monday,0,0,51.09,65.51,36,5082.79,4919.49
The Meridian,Bengaluru,Standard,Low,Thursday,0,0,55.38,63.87,48,6759.67,6294.89
Sunrise Hotel,Jaipur,Deluxe,High,Friday,1,0,68.21,83.73,14,8955.24,10393.03
Royal Residency,Goa,Suite,High,Sunday,0,1,56.18,58.83,54,12103.71,14793.09
Lakeside Inn,Goa,Executive,Low,Thursday,0,0,19.73,28.46,9,5714.15,6162.26
Grand Palace,Goa,Deluxe,High,Thursday,0,0,37.06,37.65,9,9192.94,9502.38
Lakeside Inn,Jaipur,Deluxe,Low,Tuesday,0,0,41.45,36.84,56,4391.64,4866.8
Sunrise Hotel,Goa,Standard,Shoulder,Friday,0,0,40.64,46.22,59,5079.07,5361.14
Sunrise Hotel,Delhi,Deluxe,Low,Monday,0,0,25.12,30.89,15,5127.42,4843.52
Grand Palace,Goa,Standard,Shoulder,Monday,0,0,45.99,51.04,122,6008.64,5426.16
City View,Mumbai,Deluxe,Shoulder,Friday,0,0,47.47,54.13,58,7320.18,7745.84
Grand Palace,Jaipur,Standard,Shoulder,Saturday,0,1,49.67,48.36,15,5810.88,5898.24
The Meridian,Mumbai,Standard,Shoulder,Tuesday,0,0,29.45,26.24,10,6140.98,5581.23
Royal Residency,Goa,Standard,Peak,Tuesday,0,0,83.77,92.33,28,9774.3,10996.89
City View,Delhi,Standard,Low,Tuesday,0,0,37.74,45.49,107,3042.31,2217.03
Grand Palace,Bengaluru,Standard,Low,Monday,0,0,62.6,72.18,54,6062.32,5349.16
Lakeside Inn,Hyderabad,Standard,Low,Thursday,0,0,41.19,46.29,22,3330.39,2632.9
City View,Hyderabad,Executive,High,Sunday,0,1,49.65,75.27,20,8788.3,10673.76
City View,Goa,Standard,Low,Saturday,0,1,44.72,41.5,13,4827.14,4553.48
Grand Palace,Delhi,Deluxe,High,Tuesday,0,0,30.1,57.07,34,8229.1,9029.82
City View,Jaipur,Executive,Shoulder,Monday,0,0,26.13,23.18,26,5630.05,6247.59
Lakeside Inn,Mumbai,Executive,Shoulder,Monday,0,0,24.15,26.19,15,6556.15,5957.94
Sunrise Hotel,Mumbai,Deluxe,High,Thursday,0,0,57.33,73.38,27,8067.76,10041.33
City View,Mumbai,Suite,Low,Friday,0,0,37.57,41.04,17,8148.3,9639.1
Sunrise Hotel,Jaipur,Standard,Low,Friday,0,0,36.23,39.08,29,3580.31,3033.38
Lakeside Inn,Hyderabad,Standard,Shoulder,Sunday,1,1,30.08,52.63,72,3825.86,2536.96
Grand Palace,Delhi,Standard,High,Sunday,0,1,69.6,67.6,93,6942.51,8051.76
Royal Residency,Jaipur,Deluxe,Low,Tuesday,0,0,50.63,60.86,106,6111.53,5947.58
City View,Mumbai,Deluxe,Low,Sunday,0,1,69.9,57.02,80,6162.24,6920.48
Royal Residency,Goa,Standard,Peak,Tuesday,1,0,60.77,64.48,40,8355.74,9819.63
Lakeside Inn,Bengaluru,Standard,Low,Saturday,0,1,57.42,69.43,92,5151.22,4058.67
City View,Jaipur,Deluxe,High,Sunday,0,1,72.76,97.15,66,8545.86,10281.74
Sunrise Hotel,Jaipur,Standard,High,Thursday,0,0,56.23,69.93,19,5835.08,6740.84
The Meridian,Delhi,Deluxe,Shoulder,Tuesday,0,0,48.63,57.48,34,8471.03,9058.63
Royal Residency,Delhi,Deluxe,Low,Thursday,0,0,65.57,62.09,12,6914.71,7296.27
City View,Jaipur,Deluxe,Low,Monday,0,0,30.15,21.81,44,3893.9,3822.03
Royal Residency,Mumbai,Suite,High,Tuesday,0,0,77.58,89.1,18,12067.28,15018.64
City View,Bengaluru,Executive,High,Monday,0,0,81.97,78.38,96,9254.03,11251.35
Grand Palace,Delhi,Deluxe,High,Wednesday,0,0,37.11,69.84,11,9260.27,10468.66
Sunrise Hotel,Mumbai,Deluxe,Peak,Thursday,0,0,63.05,71.24,16,10558.62,12135.39
Royal Residency,Goa,Deluxe,High,Wednesday,0,0,48.86,44.28,36,8383.7,9536.98
The Meridian,Delhi,Standard,Low,Tuesday,1,0,45.13,48.36,62,6006.44,5318.54
The Meridian,Mumbai,Standard,Low,Monday,0,0,28.72,51.28,31,6900.39,6054.88
Lakeside Inn,Mumbai,Standard,High,Tuesday,0,0,52.88,47.54,83,5245.7,5557.37
City View,Bengaluru,Standard,Low,Wednesday,0,0,43.71,44.02,17,3984.57,3146.7
Royal Residency,Bengaluru,Deluxe,Low,Tuesday,0,0,26.74,28.43,22,5588.19,5552.11
Lakeside Inn,Goa,Suite,High,Saturday,0,1,56.33,67.62,29,12363.82,14604.66
Royal Residency,Mumbai,Standard,Shoulder,Friday,0,0,41.31,26.06,31,5375.18,4980.09
City View,Hyderabad,Standard,Peak,Wednesday,0,0,47.57,52.59,40,5523.67,6548.38
The Meridian,Mumbai,Executive,High,Tuesday,1,0,59.71,75.76,36,11772.38,13896.96
Grand Palace,Bengaluru,Standard,Low,Monday,0,0,22.13,36.88,10,3612.89,2980.68
The Meridian,Hyderabad,Deluxe,Peak,Tuesday,0,0,61.86,66.2,28,10829.49,13186.26
Lakeside Inn,Delhi,Deluxe,Shoulder,Monday,0,0,39.49,36.13,9,4447.5,4678.33
Sunrise Hotel,Delhi,Deluxe,Shoulder,Friday,0,0,68.73,83.12,11,8050.25,9195.19
Grand Palace,Jaipur,Standard,Shoulder,Tuesday,0,0,38.29,53.5,35,4874.76,4509.41
Lakeside Inn,Bengaluru,Standard,Low,Sunday,0,1,66.61,65.01,60,4602.62,4341.52
City View,Jaipur,Standard,Shoulder,Sunday,0,1,27.32,44.14,55,3544.21,3194.0
Grand Palace,Hyderabad,Deluxe,Low,Friday,0,0,62.39,52.07,8,6842.51,7544.07
Lakeside Inn,Bengaluru,Deluxe,Shoulder,Wednesday,0,0,26.94,41.81,68,4555.55,5307.76
City View,Goa,Standard,Shoulder,Monday,0,0,15.12,34.03,70,4891.16,3221.27
The Meridian,Mumbai,Deluxe,High,Sunday,0,1,70.5,100.0,29,12910.25,14440.72
Sunrise Hotel,Goa,Suite,High,Saturday,0,1,55.34,81.02,34,12726.21,14883.63
City View,Hyderabad,Standard,Low,Wednesday,0,0,40.53,52.31,72,2714.65,2329.66
Royal Residency,Bengaluru,Deluxe,Shoulder,Monday,0,0,21.06,31.4,95,5755.17,6130.97
City View,Hyderabad,Deluxe,Shoulder,Friday,0,0,32.56,27.22,59,5407.07,5615.16
City View,Mumbai,Standard,Low,Sunday,0,1,53.26,54.19,17,4311.11,4412.16
Sunrise Hotel,Delhi,Standard,High,Thursday,0,0,42.84,54.97,42,6731.86,6915.99
Royal Residency,Delhi,Deluxe,High,Tuesday,0,0,89.73,71.58,42,9126.6,10400.22
Lakeside Inn,Hyderabad,Executive,Low,Friday,0,0,42.33,54.51,48,5470.87,6854.41
Lakeside Inn,Jaipur,Suite,Shoulder,Monday,0,0,36.62,45.92,12,6937.88,8966.94
City View,Bengaluru,Deluxe,Low,Monday,0,0,33.63,56.59,34,5737.0,5193.21
Royal Residency,Bengaluru,Deluxe,High,Monday,0,0,53.07,65.71,18,7767.37,9071.35
Royal Residency,Delhi,Standard,Low,Monday,0,0,29.87,32.8,47,3480.18,2626.22
Sunrise Hotel,Goa,Deluxe,Peak,Tuesday,0,0,45.74,70.22,13,10162.66,11256.23
The Meridian,Mumbai,Deluxe,High,Wednesday,0,0,48.23,64.9,31,10603.7,12197.65
Lakeside Inn,Goa,Standard,Shoulder,Saturday,0,1,59.03,68.0,20,6288.63,6705.35
Sunrise Hotel,Goa,Deluxe,High,Thursday,0,0,48.99,66.15,43,9678.56,10539.1
Grand Palace,Hyderabad,Deluxe,Peak,Tuesday,0,0,45.96,65.0,50,10053.22,11931.28
Lakeside Inn,Delhi,Standard,High,Monday,0,0,70.57,76.53,17,4882.99,6229.21
Sunrise Hotel,Delhi,Executive,Low,Tuesday,0,0,28.45,50.33,24,6526.32,6838.43
Lakeside Inn,Delhi,Standard,Shoulder,Friday,0,0,43.77,66.64,25,4219.51,3796.56
The Meridian,Hyderabad,Standard,High,Saturday,0,1,62.64,74.22,53,10044.29,10167.75
Grand Palace,Jaipur,Standard,High,Monday,0,0,48.21,48.48,58,6358.63,6131.18
The Meridian,Goa,Suite,High,Thursday,0,0,68.23,79.48,16,14412.85,17242.03
Grand Palace,Hyderabad,Deluxe,Peak,Monday,0,0,51.0,64.92,11,10114.7,11698.58
City View,Bengaluru,Standard,Peak,Saturday,0,1,68.4,87.14,10,8682.49,9848.63
Sunrise Hotel,Mumbai,Deluxe,Peak,Thursday,0,0,72.1,75.6,70,10759.43,12738.86
Grand Palace,Jaipur,Standard,Low,Saturday,0,1,54.21,55.64,58,5240.46,5822.2
The Meridian,Bengaluru,Suite,Shoulder,Thursday,0,0,35.45,42.62,35,11373.81,13132.48
Lakeside Inn,Goa,Deluxe,High,Wednesday,0,0,29.92,39.87,81,7761.85,7507.67
Grand Palace,Delhi,Standard,High,Sunday,1,1,55.27,66.97,23,6977.69,8204.93
Sunrise Hotel,Goa,Executive,High,Wednesday,0,0,57.27,78.71,28,10356.79,11634.44
Grand Palace,Hyderabad,Standard,Low,Tuesday,0,0,40.32,51.0,55,4772.56,4703.62
Royal Residency,Mumbai,Standard,High,Tuesday,0,0,68.68,89.73,15,7357.02,8442.19
Lakeside Inn,Hyderabad,Deluxe,High,Thursday,1,0,45.3,56.47,22,6010.48,7597.34
Sunrise Hotel,Jaipur,Executive,Low,Monday,1,0,38.57,52.57,42,5877.78,6706.17
Sunrise Hotel,Jaipur,Standard,Shoulder,Sunday,0,1,63.69,71.28,45,5071.53,5432.62
City View,Mumbai,Standard,Low,Friday,0,0,38.59,37.08,39,4336.24,3999.81
The Meridian,Bengaluru,Standard,Shoulder,Friday,0,0,27.53,38.2,15,6520.84,5733.21
City View,Bengaluru,Deluxe,Low,Monday,0,0,25.41,40.89,66,5850.05,5606.85
Sunrise Hotel,Jaipur,Standard,Shoulder,Monday,0,0,38.9,38.77,77,3968.56,3294.31
Lakeside Inn,Jaipur,Deluxe,Shoulder,Wednesday,0,0,44.85,52.45,32,5289.29,6171.45
Grand Palace,Delhi,Executive,High,Friday,0,0,27.56,38.08,32,9089.0,11110.93
Grand Palace,Bengaluru,Deluxe,High,Thursday,0,0,84.27,86.0,82,9791.36,11390.76
Lakeside Inn,Mumbai,Standard,High,Saturday,0,1,43.19,59.56,7,6930.46,7609.39
Sunrise Hotel,Bengaluru,Standard,Low,Tuesday,0,0,10.0,15.36,32,3051.59,1500.0
Grand Palace,Delhi,Standard,Low,Saturday,0,1,37.9,54.86,13,6079.12,5505.45
Grand Palace,Hyderabad,Executive,Peak,Wednesday,0,0,71.71,67.72,75,10883.42,13855.64
Grand Palace,Jaipur,Standard,Low,Friday,0,0,31.68,42.51,53,4502.49,3808.88
The Meridian,Jaipur,Standard,Peak,Sunday,0,1,66.49,87.38,53,9715.84,11488.52
The Meridian,Delhi,Deluxe,High,Monday,0,0,59.33,72.03,49,10308.82,11063.29
Royal Residency,Mumbai,Standard,Shoulder,Sunday,0,1,74.57,78.61,83,5968.12,6441.6
City View,Jaipur,Deluxe,Peak,Sunday,0,1,59.31,73.34,30,9159.85,10998.93
Lakeside Inn,Goa,Standard,Low,Friday,0,0,51.7,55.84,51,4415.28,4852.29
Lakeside Inn,Jaipur,Suite,Shoulder,Thursday,0,0,43.15,54.93,58,8072.49,9766.64
Lakeside Inn,Goa,Executive,High,Wednesday,0,0,27.34,26.03,32,8085.51,9154.9
Royal Residency,Delhi,Deluxe,Shoulder,Monday,0,0,29.14,33.34,41,6325.88,5466.46
The Meridian,Delhi,Executive,Peak,Saturday,0,1,49.31,64.98,25,13340.45,15615.74
Sunrise Hotel,Jaipur,Standard,Low,Thursday,0,0,44.62,51.27,47,3300.55,2895.97
Sunrise Hotel,Bengaluru,Deluxe,Shoulder,Saturday,0,1,43.55,59.73,37,7330.48,8329.05
Royal Residency,Goa,Deluxe,High,Tuesday,0,0,41.99,68.01,43,8787.19,10791.48
Sunrise Hotel,Mumbai,Deluxe,High,Wednesday,0,0,47.95,58.72,57,7910.86,8242.55
Lakeside Inn,Jaipur,Standard,Shoulder,Thursday,0,0,21.66,42.13,84,3241.76,2437.96
City View,Mumbai,Standard,Shoulder,Thursday,0,0,42.55,44.6,42,4072.6,4808.01
Grand Palace,Jaipur,Standard,High,Saturday,1,1,61.44,75.38,22,7683.97,8845.26
The Meridian,Bengaluru,Standard,Low,Monday,0,0,60.05,55.88,55,5724.42,5761.09
The Meridian,Bengaluru,Standard,High,Tuesday,0,0,36.08,48.02,4,7977.1,8214.65
Royal Residency,Bengaluru,Deluxe,High,Saturday,0,1,50.68,62.05,1,8859.66,9782.52
The Meridian,Hyderabad,Standard,High,Thursday,1,0,44.92,72.7,76,7397.09,8504.74
Lakeside Inn,Bengaluru,Standard,High,Wednesday,0,0,36.4,57.85,12,5809.85,5294.05
Sunrise Hotel,Delhi,Deluxe,Low,Thursday,0,0,10.0,29.48,17,5337.72,5521.83
Lakeside Inn,Delhi,Deluxe,High,Friday,0,0,68.54,70.45,24,6708.76,8875.65
Royal Residency,Hyderabad,Executive,Peak,Wednesday,0,0,48.69,64.99,61,10655.25,12186.82
Lakeside Inn,Goa,Deluxe,Shoulder,Wednesday,0,0,40.47,33.17,8,6296.3,6681.54
Sunrise Hotel,Mumbai,Standard,Peak,Thursday,0,0,31.05,70.56,13,8135.65,9055.08
City View,Jaipur,Suite,Shoulder,Monday,0,0,42.13,32.49,76,7554.37,9195.86
Royal Residency,Jaipur,Deluxe,Low,Wednesday,0,0,35.83,44.52,30,5364.83,6251.54
City View,Hyderabad,Standard,Shoulder,Friday,0,0,36.17,39.96,42,4182.63,3598.72
Grand Palace,Delhi,Deluxe,Peak,Saturday,0,1,51.55,75.82,100,11668.76,13820.83
City View,Jaipur,Executive,Shoulder,Monday,0,0,36.36,37.91,31,5440.9,7127.87
Grand Palace,Delhi,Standard,Peak,Monday,0,0,67.55,86.94,29,8575.08,9732.67
Grand Palace,Goa,Standard,Peak,Monday,0,0,52.16,78.17,42,9631.66,10275.45
City View,Mumbai,Standard,Shoulder,Wednesday,0,0,10.0,21.07,65,3727.09,2625.52
Royal Residency,Goa,Standard,Low,Monday,0,0,34.78,57.36,31,5441.02,4601.49
Sunrise Hotel,Hyderabad,Standard,High,Thursday,0,0,61.39,70.23,64,6021.48,7189.48
Lakeside Inn,Bengaluru,Deluxe,Shoulder,Monday,0,0,35.8,51.41,35,4952.26,5174.71
Lakeside Inn,Bengaluru,Standard,High,Friday,0,0,45.45,75.43,2,6633.44,7087.56
Sunrise Hotel,Bengaluru,Executive,Shoulder,Tuesday,0,0,40.77,45.21,14,6432.62,7374.7
Grand Palace,Goa,Suite,Shoulder,Friday,0,0,22.29,53.68,24,11107.32,12755.48
Grand Palace,Jaipur,Deluxe,High,Wednesday,0,0,59.62,56.5,6,8235.42,10361.61
Royal Residency,Mumbai,Suite,Shoulder,Monday,1,0,73.05,64.87,46,10438.63,13283.7
The Meridian,Bengaluru,Standard,Shoulder,Monday,0,0,26.28,48.05,20,6300.53,5926.56
City View,Hyderabad,Deluxe,Shoulder,Thursday,0,0,31.62,25.72,19,5189.17,5529.43
Grand Palace,Hyderabad,Deluxe,Shoulder,Saturday,0,1,60.49,69.51,25,8945.68,9970.42
Lakeside Inn,Bengaluru,Suite,Shoulder,Monday,0,0,30.42,43.2,8,7481.56,8950.74
Royal Residency,Bengaluru,Suite,High,Sunday,0,1,52.25,69.25,49,11699.83,14669.39
City View,Mumbai,Standard,Shoulder,Friday,0,0,38.36,38.8,75,4818.87,4894.69
Royal Residency,Bengaluru,Executive,Shoulder,Wednesday,0,0,32.26,39.83,42,7090.56,7912.69
City View,Mumbai,Standard,High,Tuesday,0,0,28.35,66.21,69,5459.72,5717.35
City View,Hyderabad,Executive,Shoulder,Monday,0,0,46.29,31.17,6,6000.47,6826.91
Sunrise Hotel,Bengaluru,Executive,Shoulder,Tuesday,0,0,23.22,23.04,53,6415.21,6811.35
Grand Palace,Goa,Standard,Peak,Monday,0,0,47.12,58.1,52,9372.69,9822.5
Royal Residency,Goa,Deluxe,High,Wednesday,0,0,48.86,68.34,50,9091.27,10630.14
Royal Residency,Hyderabad,Standard,High,Saturday,0,1,56.11,70.73,48,6925.47,8043.26
Sunrise Hotel,Mumbai,Standard,High,Friday,0,0,77.13,78.58,42,7188.91,8155.26
Lakeside Inn,Goa,Deluxe,Low,Wednesday,0,0,38.77,44.09,110,4144.0,4433.68
Lakeside Inn,Mumbai,Deluxe,High,Tuesday,0,0,65.09,74.8,10,7735.71,9664.88
Grand Palace,Goa,Executive,Shoulder,Monday,0,0,16.45,35.3,96,9630.44,8629.45
Grand Palace,Goa,Deluxe,Shoulder,Tuesday,0,0,28.41,38.91,55,8133.7,7773.69
The Meridian,Mumbai,Deluxe,Shoulder,Friday,1,0,44.08,53.13,34,9063.18,10122.52
Sunrise Hotel,Jaipur,Suite,Low,Sunday,1,1,56.94,60.94,45,8501.37,10222.87
Lakeside Inn,Goa,Executive,Low,Wednesday,1,0,36.54,49.63,8,6452.76,7600.15
City View,Bengaluru,Standard,Peak,Tuesday,0,0,59.13,60.79,23,7557.0,8237.87
Royal Residency,Hyderabad,Executive,Shoulder,Tuesday,0,0,10.0,22.8,46,7299.12,6681.71
Grand Palace,Jaipur,Standard,Shoulder,Friday,0,0,44.84,53.83,71,5674.61,6212.69
Royal Residency,Mumbai,Suite,Low,Sunday,0,1,50.08,62.27,33,10198.09,10969.41
Royal Residency,Jaipur,Standard,Low,Monday,1,0,21.26,44.41,18,3838.38,2767.21
The Meridian,Delhi,Standard,High,Sunday,0,1,63.73,78.3,26,8933.52,9548.02
Lakeside Inn,Delhi,Standard,Shoulder,Tuesday,1,0,35.72,50.67,24,3500.33,2798.48
Grand Palace,Goa,Deluxe,Shoulder,Friday,0,0,63.74,60.49,24,8888.7,10771.47
Royal Residency,Goa,Standard,Low,Monday,1,0,24.29,34.63,7,4677.08,4782.93
Grand Palace,Bengaluru,Standard,High,Sunday,1,1,68.47,79.23,86,7072.12,8296.76
City View,Hyderabad,Deluxe,Low,Sunday,0,1,30.42,52.11,60,5308.03,5971.05
The Meridian,Jaipur,Executive,Low,Sunday,0,1,49.32,57.26,58,8571.42,9958.16
City View,Delhi,Standard,Shoulder,Saturday,0,1,58.6,76.52,41,5938.74,6687.11
Grand Palace,Goa,Standard,Shoulder,Monday,0,0,27.72,43.27,36,5510.86,5054.3
Grand Palace,Hyderabad,Standard,Low,Sunday,0,1,81.97,65.4,66,4784.93,5610.7
Lakeside Inn,Jaipur,Standard,High,Saturday,0,1,54.63,70.93,50,5127.8,6828.83
Royal Residency,Goa,Suite,High,Wednesday,1,0,68.39,85.99,31,12761.97,15969.56
Royal Residency,Goa,Suite,High,Friday,0,0,69.32,73.54,108,12205.96,15071.77
City View,Delhi,Deluxe,Shoulder,Sunday,0,1,33.59,50.33,59,5999.49,6065.04
The Meridian,Delhi,Standard,Low,Monday,0,0,36.28,39.33,35,6138.7,4776.34
Sunrise Hotel,Goa,Suite,Shoulder,Saturday,0,1,55.79,61.82,34,11082.44,12526.65
Royal Residency,Mumbai,Deluxe,Peak,Saturday,0,1,62.98,73.82,4,11004.29,13774.93
Lakeside Inn,Goa,Suite,High,Wednesday,0,0,76.81,65.67,16,10119.59,13306.7
City View,Hyderabad,Deluxe,High,Thursday,0,0,39.53,58.02,7,7376.4,8424.31
City View,Goa,Suite,Low,Friday,0,0,56.5,50.15,22,9347.27,11259.25
Sunrise Hotel,Bengaluru,Deluxe,Shoulder,Thursday,0,0,39.77,42.75,46,6306.46,6153.79
Lakeside Inn,Bengaluru,Standard,Low,Monday,0,0,38.04,35.3,20,1800.0,1702.58
The Meridian,Bengaluru,Executive,High,Friday,0,0,67.76,78.47,25,12608.45,14652.41
Lakeside Inn,Mumbai,Deluxe,Peak,Wednesday,0,0,81.39,76.35,32,8551.62,10955.42
The Meridian,Mumbai,Deluxe,Peak,Monday,0,0,56.04,72.25,98,11860.87,13504.09
Lakeside Inn,Goa,Standard,Shoulder,Friday,1,0,53.25,58.88,11,5836.29,5698.08
Lakeside Inn,Bengaluru,Deluxe,Shoulder,Friday,0,0,30.77,21.6,16,3901.0,4882.78
Grand Palace,Mumbai,Deluxe,Peak,Thursday,0,0,76.41,100.0,78,12010.94,13731.35
City View,Delhi,Standard,High,Monday,0,0,61.95,63.35,27,5343.45,5883.72
Lakeside Inn,Goa,Standard,Low,Wednesday,0,0,14.18,17.52,21,2750.1,2300.83
Sunrise Hotel,Hyderabad,Deluxe,Shoulder,Wednesday,1,0,44.85,69.76,6,6751.87,7368.86
Lakeside Inn,Jaipur,Suite,Low,Monday,0,0,13.76,34.48,44,6563.6,7083.91
Royal Residency,Goa,Deluxe,Shoulder,Monday,0,0,47.97,59.61,15,7033.42,7765.72
City View,Jaipur,Standard,Shoulder,Saturday,0,1,56.4,56.7,39,4778.36,4972.07
Royal Residency,Bengaluru,Deluxe,High,Tuesday,0,0,12.84,41.01,58,7427.26,8368.53
City View,Jaipur,Standard,Shoulder,Thursday,0,0,41.9,48.66,33,3725.92,3969.52
Royal Residency,Bengaluru,Standard,Low,Monday,0,0,47.98,47.63,76,5055.68,3860.43
Lakeside Inn,Delhi,Standard,Shoulder,Monday,0,0,37.34,61.12,28,4291.21,3326.47
Lakeside Inn,Jaipur,Standard,High,Tuesday,0,0,51.31,70.31,28,5883.08,5190.02
Grand Palace,Goa,Standard,High,Tuesday,0,0,43.16,45.65,80,7352.53,6975.07
Sunrise Hotel,Bengaluru,Standard,Shoulder,Friday,0,0,56.89,59.03,65,6019.51,4941.39
Royal Residency,Goa,Standard,Peak,Sunday,0,1,79.35,77.2,33,9016.91,11113.16
The Meridian,Mumbai,Standard,Peak,Wednesday,0,0,73.75,97.08,80,11086.27,12883.81
Grand Palace,Bengaluru,Deluxe,Low,Thursday,0,0,24.67,40.03,39,6190.09,6147.94
Royal Residency,Jaipur,Deluxe,Low,Friday,0,0,51.0,42.04,23,5698.31,6598.73
Royal Residency,Bengaluru,Standard,High,Monday,0,0,34.67,51.49,77,5970.84,5457.28
Grand Palace,Goa,Suite,High,Tuesday,0,0,51.01,56.02,18,12152.47,13717.93
Lakeside Inn,Delhi,Standard,Peak,Saturday,0,1,81.13,72.32,10,7675.11,9488.5
Royal Residency,Bengaluru,Deluxe,Peak,Wednesday,0,0,80.89,89.47,98,11266.55,12988.13
Lakeside Inn,Jaipur,Standard,High,Friday,1,0,50.77,52.36,15,4296.48,6177.67
Grand Palace,Mumbai,Standard,Shoulder,Saturday,0,1,67.12,66.26,54,6726.88,8203.21
Lakeside Inn,Hyderabad,Deluxe,Low,Wednesday,0,0,51.66,56.6,106,3732.18,4447.57
City View,Delhi,Deluxe,Low,Sunday,0,1,68.79,74.29,22,6021.11,7514.9
The Meridian,Mumbai,Executive,Shoulder,Sunday,1,1,48.74,63.61,31,10526.57,12174.67
Royal Residency,Bengaluru,Deluxe,High,Saturday,0,1,59.67,58.63,53,8587.63,10328.97
Sunrise Hotel,Goa,Executive,High,Tuesday,1,0,60.38,68.6,51,9288.31,11479.63
The Meridian,Goa,Standard,High,Friday,1,0,50.27,79.33,92,10166.49,10746.25
Lakeside Inn,Jaipur,Standard,Shoulder,Friday,0,0,40.3,46.19,13,3392.51,3398.28
Royal Residency,Goa,Standard,High,Sunday,1,1,48.93,86.13,60,8016.57,9519.49
Lakeside Inn,Delhi,Standard,Low,Wednesday,0,0,59.71,64.11,24,3461.97,3359.77
City View,Goa,Deluxe,Shoulder,Saturday,0,1,49.45,63.15,73,7702.24,9269.69
Grand Palace,Jaipur,Deluxe,High,Tuesday,0,0,72.99,65.78,44,9022.67,9890.09
Royal Residency,Hyderabad,Standard,High,Monday,0,0,35.38,37.18,16,5077.63,4209.4
City View,Bengaluru,Executive,Peak,Friday,0,0,60.1,62.03,38,10163.43,12554.84
City View,Bengaluru,Suite,Shoulder,Monday,0,0,21.76,39.33,9,8244.4,9131.82
Royal Residency,Goa,Standard,Shoulder,Tuesday,0,0,21.05,17.32,58,3503.6,2662.68
Lakeside Inn,Mumbai,Standard,Shoulder,Sunday,0,1,25.96,39.47,13,4627.56,4374.52
Sunrise Hotel,Bengaluru,Standard,Shoulder,Friday,0,0,44.72,41.24,42,4946.66,4184.87
City View,Hyderabad,Standard,Peak,Friday,0,0,47.46,71.52,59,7196.32,8609.67
The Meridian,Goa,Standard,High,Saturday,0,1,66.76,80.08,30,9944.05,11988.86
City View,Jaipur,Deluxe,Peak,Monday,0,0,45.92,70.13,37,8149.91,9565.88
Sunrise Hotel,Hyderabad,Standard,Low,Sunday,0,1,49.21,58.47,61,3612.06,3579.34
Lakeside Inn,Goa,Standard,Peak,Saturday,0,1,83.49,77.15,44,7886.75,10642.01
Lakeside Inn,Hyderabad,Executive,Low,Thursday,0,0,44.59,45.59,28,4896.5,5889.46
The Meridian,Bengaluru,Deluxe,Peak,Monday,0,0,64.71,79.31,17,10634.78,13418.35
City View,Jaipur,Executive,Shoulder,Monday,0,0,29.18,65.62,72,6782.96,7593.29
Lakeside Inn,Goa,Standard,Shoulder,Thursday,1,0,32.2,45.8,36,4291.37,4184.46
Sunrise Hotel,Delhi,Standard,Shoulder,Tuesday,0,0,43.3,47.02,20,4622.13,3873.8
Royal Residency,Jaipur,Deluxe,Peak,Tuesday,1,0,71.29,93.17,9,10605.06,12491.52
Grand Palace,Delhi,Standard,Low,Friday,0,0,34.64,24.85,36,3989.3,3309.09
Grand Palace,Hyderabad,Standard,Shoulder,Wednesday,0,0,60.55,72.97,29,5792.49,6150.1
Grand Palace,Mumbai,Deluxe,Peak,Saturday,0,1,92.38,99.51,17,13229.12,15597.13
City View,Jaipur,Deluxe,Shoulder,Wednesday,0,0,19.3,21.04,45,4284.54,4776.46
The Meridian,Hyderabad,Standard,Low,Friday,0,0,38.4,50.2,18,6383.74,6583.59
Lakeside Inn,Delhi,Deluxe,Shoulder,Wednesday,0,0,25.71,37.1,83,4475.74,4192.49
Royal Residency,Bengaluru,Standard,Shoulder,Monday,0,0,22.22,39.44,24,4347.96,3909.9
Sunrise Hotel,Bengaluru,Standard,Peak,Monday,0,0,74.85,77.91,9,7814.41,9942.28
Royal Residency,Mumbai,Standard,High,Thursday,0,0,59.44,77.71,39,7412.68,7790.38
Sunrise Hotel,Jaipur,Standard,Shoulder,Thursday,0,0,36.77,38.48,61,4176.38,3848.13
City View,Jaipur,Standard,Peak,Friday,0,0,49.41,66.67,14,6894.36,8503.78
Grand Palace,Jaipur,Executive,Shoulder,Friday,0,0,30.34,50.21,52,8359.26,9475.46
City View,Hyderabad,Deluxe,Low,Sunday,0,1,57.22,63.01,56,6707.83,6583.8
The Meridian,Mumbai,Deluxe,Shoulder,Friday,0,0,17.87,30.9,36,8871.59,9644.06
The Meridian,Jaipur,Standard,Shoulder,Monday,0,0,52.68,69.13,90,6411.17,6066.56
Sunrise Hotel,Hyderabad,Standard,Low,Wednesday,1,0,23.59,43.99,18,3546.16,3128.95
Lakeside Inn,Bengaluru,Standard,Peak,Saturday,0,1,74.2,96.51,14,9622.1,10773.31
Lakeside Inn,Delhi,Standard,High,Sunday,0,1,65.29,79.32,22,5993.99,7028.14
Sunrise Hotel,Hyderabad,Standard,Shoulder,Sunday,0,1,49.19,63.49,26,5279.23,4748.82
The Meridian,Bengaluru,Suite,High,Sunday,0,1,60.88,64.26,25,13151.6,15352.36
The Meridian,Bengaluru,Deluxe,High,Friday,0,0,33.33,38.87,17,9834.27,10913.59
The Meridian,Delhi,Deluxe,Peak,Friday,0,0,90.49,72.7,24,11959.3,14509.24
City View,Bengaluru,Deluxe,Peak,Monday,0,0,63.9,72.76,33,8638.41,10659.21
The Meridian,Mumbai,Executive,Shoulder,Saturday,0,1,16.75,41.59,54,10573.85,11336.51
Royal Residency,Delhi,Standard,High,Monday,0,0,60.07,75.85,39,6054.44,6358.04
Grand Palace,Bengaluru,Standard,High,Saturday,0,1,58.01,72.28,54,8039.15,9333.57
The Meridian,Goa,Standard,High,Monday,0,0,36.24,51.67,21,9418.82,9064.5
Sunrise Hotel,Hyderabad,Suite,Low,Wednesday,0,0,44.34,53.19,32,8179.3,9895.06
Grand Palace,Bengaluru,Executive,Low,Friday,0,0,37.49,53.56,25,7909.24,9160.64
City View,Mumbai,Standard,Shoulder,Tuesday,0,0,32.0,34.97,11,4132.39,3822.13
Sunrise Hotel,Jaipur,Executive,Shoulder,Tuesday,0,0,31.97,62.27,5,6930.25,7448.25
Grand Palace,Bengaluru,Suite,Low,Friday,0,0,74.09,76.41,20,10873.06,13510.04
Sunrise Hotel,Jaipur,Standard,High,Sunday,1,1,38.12,65.74,49,5571.44,6474.98
City View,Goa,Standard,Low,Friday,0,0,32.16,42.43,38,4985.84,4106.23
Royal Residency,Bengaluru,Standard,High,Friday,0,0,48.2,67.72,34,7176.22,7650.14
City View,Delhi,Executive,Shoulder,Friday,0,0,66.14,76.92,72,7691.47,9508.66
City View,Jaipur,Standard,Peak,Sunday,0,1,57.8,72.73,17,7507.32,8749.71
Sunrise Hotel,Goa,Suite,Shoulder,Saturday,0,1,36.83,41.85,41,11085.43,12579.33
Lakeside Inn,Delhi,Standard,Low,Wednesday,0,0,37.15,31.75,25,1903.11,2087.79
The Meridian,Delhi,Deluxe,High,Tuesday,0,0,73.37,80.1,42,10744.43,11705.38
The Meridian,Delhi,Standard,High,Thursday,0,0,43.9,53.09,59,7996.23,8342.36
Royal Residency,Delhi,Deluxe,Peak,Tuesday,0,0,54.7,61.1,11,9419.92,11083.42
Royal Residency,Bengaluru,Suite,Shoulder,Tuesday,0,0,59.15,48.23,51,9593.29,11570.0
The Meridian,Hyderabad,Suite,Shoulder,Sunday,0,1,56.68,59.32,39,11351.38,13986.17
Lakeside Inn,Bengaluru,Suite,Peak,Monday,0,0,69.22,87.99,22,11898.35,15115.74
The Meridian,Bengaluru,Standard,Low,Friday,0,0,50.73,46.29,4,6514.26,6656.12
Lakeside Inn,Goa,Deluxe,High,Friday,0,0,58.43,66.49,34,8091.9,10229.9
Royal Residency,Goa,Standard,Shoulder,Friday,0,0,26.06,43.53,131,6079.88,5576.34
Grand Palace,Hyderabad,Standard,Low,Monday,0,0,20.12,26.74,8,3522.79,3156.49
Sunrise Hotel,Goa,Deluxe,Shoulder,Sunday,0,1,28.09,52.21,11,8250.79,8101.58
Royal Residency,Mumbai,Standard,Shoulder,Wednesday,0,0,14.77,45.88,40,4927.25,4057.36
Royal Residency,Hyderabad,Deluxe,High,Wednesday,0,0,37.07,56.79,11,7143.39,8049.48
City View,Goa,Executive,Peak,Sunday,0,1,51.33,61.1,54,11442.6,13266.93
City View,Hyderabad,Standard,Shoulder,Thursday,0,0,25.13,29.11,38,2833.94,2383.92
City View,Bengaluru,Deluxe,High,Wednesday,0,0,37.09,62.45,14,6989.72,8212.83
Sunrise Hotel,Bengaluru,Standard,Low,Sunday,0,1,32.02,68.06,18,5056.44,4668.08
City View,Hyderabad,Standard,Shoulder,Wednesday,0,0,70.92,68.55,9,5048.94,5217.6
Lakeside Inn,Mumbai,Standard,Low,Friday,0,0,35.74,42.43,63,4166.73,3419.81
The Meridian,Mumbai,Executive,Peak,Saturday,0,1,75.39,72.96,64,13746.45,16810.36
Grand Palace,Hyderabad,Executive,High,Sunday,0,1,70.57,67.78,71,10130.32,12324.38
Royal Residency,Goa,Executive,High,Tuesday,1,0,53.55,56.35,21,9642.94,11307.03
Lakeside Inn,Jaipur,Executive,High,Wednesday,0,0,61.29,74.03,16,8788.38,10507.08
Grand Palace,Mumbai,Standard,High,Wednesday,1,0,78.02,100.0,35,8653.21,9733.38
Lakeside Inn,Delhi,Standard,Peak,Monday,0,0,59.1,63.3,58,6310.21,7737.9
Lakeside Inn,Bengaluru,Deluxe,High,Thursday,0,0,36.38,46.31,16,6647.06,7614.09
Royal Residency,Hyderabad,Deluxe,Peak,Saturday,1,1,76.1,100.0,14,10827.9,14009.3
The Meridian,Delhi,Standard,Shoulder,Monday,0,0,19.57,49.45,53,6194.03,4800.41
City View,Hyderabad,Standard,Low,Friday,0,0,39.91,49.69,11,3709.64,3722.5
Sunrise Hotel,Bengaluru,Deluxe,Shoulder,Tuesday,0,0,66.1,67.23,40,7372.78,7920.43
The Meridian,Bengaluru,Deluxe,Low,Thursday,0,0,33.81,25.87,27,7243.23,7372.01
Sunrise Hotel,Mumbai,Standard,High,Monday,0,0,36.18,43.48,20,5601.49,5757.74
Royal Residency,Mumbai,Deluxe,Shoulder,Sunday,0,1,34.36,52.74,29,7480.46,8218.06
Royal Residency,Delhi,Deluxe,High,Wednesday,0,0,61.42,63.89,29,8055.94,9709.56
Royal Residency,Hyderabad,Deluxe,Low,Wednesday,0,0,32.67,40.03,42,5433.56,5639.74
Grand Palace,Bengaluru,Standard,Low,Thursday,0,0,61.49,79.45,44,6448.11,6559.04
Sunrise Hotel,Delhi,Deluxe,Shoulder,Wednesday,0,0,18.78,40.66,3,6113.4,5732.12
The Meridian,Jaipur,Standard,Peak,Sunday,0,1,82.78,75.29,76,9489.33,11064.1
The Meridian,Delhi,Standard,Shoulder,Monday,0,0,45.71,46.74,38,6666.51,6230.81
Lakeside Inn,Goa,Suite,Shoulder,Monday,0,0,56.51,58.59,52,9438.84,11231.29
Lakeside Inn,Delhi,Deluxe,High,Wednesday,0,0,34.7,52.84,49,6475.81,7444.98
Lakeside Inn,Goa,Standard,High,Wednesday,0,0,50.77,60.94,72,5319.69,5496.69
Royal Residency,Goa,Deluxe,Shoulder,Friday,0,0,47.56,58.99,64,8310.34,8505.04
The Meridian,Goa,Deluxe,Shoulder,Tuesday,0,0,56.83,59.77,61,9332.58,9977.6
Sunrise Hotel,Jaipur,Suite,Low,Thursday,0,0,53.0,48.05,13,8281.33,9196.58
Royal Residency,Delhi,Deluxe,Peak,Monday,1,0,67.66,100.0,47,10840.97,12975.02
Grand Palace,Delhi,Deluxe,Low,Thursday,0,0,48.89,72.73,5,7989.1,8166.86
Lakeside Inn,Jaipur,Deluxe,Shoulder,Friday,0,0,27.22,25.31,60,4158.47,4378.75
Royal Residency,Bengaluru,Standard,Low,Monday,0,0,12.4,21.31,25,4158.2,2299.85
Royal Residency,Mumbai,Standard,Low,Friday,0,0,54.18,56.14,33,5917.78,5652.15
Grand Palace,Delhi,Standard,High,Friday,0,0,63.6,82.12,40,8345.44,8466.77
City View,Mumbai,Deluxe,Low,Saturday,0,1,30.03,51.85,56,7627.25,7204.4
The Meridian,Hyderabad,Deluxe,Low,Wednesday,0,0,13.54,37.97,77,7321.95,6705.44
Sunrise Hotel,Hyderabad,Standard,Shoulder,Sunday,0,1,40.52,43.52,77,4688.2,3967.32
City View,Jaipur,Standard,Low,Saturday,0,1,36.78,38.65,9,3679.07,3335.64
Lakeside Inn,Hyderabad,Deluxe,Low,Thursday,0,0,59.65,60.91,34,5460.18,6335.99
Royal Residency,Hyderabad,Standard,High,Sunday,0,1,58.76,67.66,11,7190.89,7977.51
Grand Palace,Bengaluru,Deluxe,High,Thursday,0,0,17.55,67.23,18,9579.4,9721.68
Grand Palace,Bengaluru,Standard,Peak,Wednesday,0,0,43.93,47.44,79,7129.96,7780.35
The Meridian,Bengaluru,Deluxe,Peak,Sunday,0,1,64.99,97.03,94,12709.89,14605.85
City View,Hyderabad,Executive,High,Saturday,0,1,47.93,81.23,47,10220.32,12170.96
The Meridian,Jaipur,Standard,Low,Thursday,0,0,10.0,26.17,39,5190.26,3208.78
Royal Residency,Goa,Deluxe,High,Saturday,0,1,42.03,76.63,47,10309.68,11643.13
The Meridian,Goa,Standard,High,Wednesday,0,0,54.5,63.07,74,9285.77,9350.04
Sunrise Hotel,Mumbai,Deluxe,High,Sunday,0,1,47.38,66.7,46,8337.76,10229.0
Grand Palace,Goa,Deluxe,Shoulder,Sunday,1,1,10.0,22.36,12,7736.48,8175.45
Grand Palace,Goa,Standard,Low,Monday,0,0,29.55,35.76,31,5268.6,3864.01
Lakeside Inn,Bengaluru,Deluxe,High,Friday,0,0,44.07,67.23,28,7741.55,9391.61
Lakeside Inn,Bengaluru,Executive,High,Friday,0,0,55.17,55.32,15,8205.69,9333.88
Royal Residency,Hyderabad,Standard,Peak,Saturday,0,1,80.02,79.9,56,8950.35,10843.41
Sunrise Hotel,Mumbai,Standard,Low,Sunday,0,1,60.11,75.95,74,5534.99,5714.53
City View,Delhi,Suite,Low,Thursday,0,0,49.78,43.91,22,7641.27,9904.65
The Meridian,Mumbai,Deluxe,Low,Saturday,0,1,34.78,25.64,10,9152.56,9256.27
Royal Residency,Mumbai,Executive,High,Saturday,0,1,58.58,70.41,21,10100.49,12370.9
Lakeside Inn,Jaipur,Deluxe,Low,Tuesday,0,0,55.38,46.39,36,3619.02,4124.11
The Meridian,Hyderabad,Suite,Low,Sunday,0,1,29.41,43.45,36,10772.26,12356.82
Lakeside Inn,Jaipur,Standard,Peak,Friday,0,0,48.74,83.29,45,6816.15,8821.35
The Meridian,Mumbai,Deluxe,Low,Sunday,0,1,12.77,34.53,52,7306.92,7446.23
City View,Mumbai,Executive,High,Wednesday,0,0,43.4,61.07,76,9443.93,10460.68
Royal Residency,Mumbai,Deluxe,Shoulder,Saturday,0,1,33.52,34.37,61,7919.89,8580.12
The Meridian,Goa,Standard,High,Tuesday,0,0,36.72,58.86,60,8271.5,8888.83
Sunrise Hotel,Jaipur,Standard,High,Tuesday,0,0,53.03,72.91,33,5144.09,5964.88
Grand Palace,Mumbai,Standard,Peak,Friday,0,0,45.51,70.74,12,9077.33,10260.36
Sunrise Hotel,Bengaluru,Standard,Peak,Friday,0,0,50.8,69.92,47,7782.21,8772.99
Sunrise Hotel,Hyderabad,Standard,Low,Friday,0,0,50.65,45.39,51,4799.87,4416.46
Grand Palace,Hyderabad,Deluxe,Low,Wednesday,1,0,47.93,54.09,60,6349.72,6846.36
Sunrise Hotel,Bengaluru,Deluxe,Shoulder,Tuesday,0,0,39.09,54.71,16,6689.27,6778.6
The Meridian,Hyderabad,Standard,High,Thursday,0,0,71.9,72.8,73,8722.7,9431.66
The Meridian,Goa,Deluxe,Peak,Wednesday,0,0,76.44,92.9,43,13796.72,15642.03
The Meridian,Goa,Standard,Shoulder,Monday,0,0,40.16,47.35,13,6925.44,6914.59
Grand Palace,Delhi,Standard,High,Saturday,0,1,52.22,49.75,8,7186.66,7884.96
Sunrise Hotel,Delhi,Standard,Low,Friday,0,0,43.32,57.01,33,4346.76,4008.79
Grand Palace,Delhi,Deluxe,High,Tuesday,0,0,76.32,81.9,38,9508.51,10703.85
The Meridian,Hyderabad,Standard,Peak,Saturday,0,1,90.45,100.0,18,11897.15,13923.2
Sunrise Hotel,Goa,Standard,Shoulder,Sunday,0,1,60.31,75.32,36,7416.62,7086.33
Sunrise Hotel,Goa,Standard,Shoulder,Wednesday,0,0,17.31,38.14,41,4608.97,4020.68
Lakeside Inn,Goa,Suite,Low,Monday,0,0,39.18,47.62,67,8280.34,9049.23
Lakeside Inn,Bengaluru,Standard,High,Sunday,0,1,68.13,69.21,34,6212.42,7079.14
City View,Goa,Deluxe,Shoulder,Wednesday,0,0,40.43,39.31,47,6601.1,6909.47
Royal Residency,Bengaluru,Deluxe,Low,Wednesday,1,0,59.26,51.41,73,6921.18,7396.59
Lakeside Inn,Delhi,Suite,Shoulder,Thursday,0,0,46.76,63.0,32,8406.48,10296.22
Grand Palace,Delhi,Executive,Shoulder,Saturday,0,1,34.65,32.75,21,8017.46,9312.97
Lakeside Inn,Hyderabad,Standard,Shoulder,Thursday,0,0,15.33,30.96,49,3353.09,1527.36
City View,Delhi,Standard,High,Wednesday,0,0,67.68,80.07,58,6288.92,7235.76
Sunrise Hotel,Hyderabad,Executive,Low,Monday,0,0,64.64,65.35,72,7080.41,7395.31
City View,Mumbai,Deluxe,High,Tuesday,0,0,53.15,53.77,25,7649.14,9203.29
Sunrise Hotel,Mumbai,Deluxe,High,Tuesday,0,0,71.64,86.11,27,9531.06,10818.3
Sunrise Hotel,Jaipur,Deluxe,Shoulder,Sunday,0,1,53.62,68.66,53,6413.9,6848.45
Royal Residency,Hyderabad,Deluxe,Low,Saturday,0,1,32.08,51.25,46,6437.57,6885.33
Lakeside Inn,Jaipur,Executive,High,Friday,0,0,21.45,28.91,54,5770.01,7046.16
Grand Palace,Jaipur,Executive,Peak,Friday,0,0,27.61,49.65,46,10505.27,12886.41
Grand Palace,Mumbai,Deluxe,Low,Tuesday,0,0,25.91,35.79,31,7071.7,6565.59
The Meridian,Hyderabad,Standard,Shoulder,Wednesday,0,0,27.56,55.64,31,6518.26,5595.73
Sunrise Hotel,Mumbai,Executive,Low,Wednesday,0,0,32.47,55.68,33,6983.16,7959.49
Grand Palace,Jaipur,Standard,High,Thursday,0,0,54.83,56.47,63,7169.7,7162.28
Royal Residency,Hyderabad,Standard,Low,Saturday,0,1,49.86,51.76,66,4924.01,4923.92
Sunrise Hotel,Jaipur,Executive,Shoulder,Thursday,0,0,33.64,44.55,7,7471.27,7836.66
Royal Residency,Goa,Standard,High,Friday,0,0,49.8,59.94,52,8033.33,8719.33
Grand Palace,Hyderabad,Standard,High,Tuesday,0,0,55.53,65.29,68,6869.87,7009.22
Grand Palace,Hyderabad,Standard,Shoulder,Sunday,0,1,49.36,54.58,37,6436.03,5377.26
The Meridian,Jaipur,Suite,Shoulder,Wednesday,0,0,21.21,21.56,1,9536.03,10527.16
Grand Palace,Goa,Deluxe,High,Tuesday,0,0,35.91,60.09,40,9010.59,10269.58
Sunrise Hotel,Bengaluru,Deluxe,Low,Monday,0,0,12.21,44.68,25,6133.63,5171.04
Sunrise Hotel,Mumbai,Standard,Low,Tuesday,0,0,38.09,58.86,41,4932.04,4606.34
Sunrise Hotel,Jaipur,Suite,Peak,Monday,0,0,48.77,61.36,79,11924.87,13728.39
The Meridian,Hyderabad,Suite,Low,Thursday,0,0,48.84,47.85,46,10721.53,12342.54
The Meridian,Mumbai,Standard,High,Thursday,0,0,60.47,70.88,82,9870.36,9731.95
Grand Palace,Mumbai,Standard,Peak,Friday,0,0,63.5,70.92,17,9402.13,11428.95
City View,Mumbai,Standard,Shoulder,Tuesday,0,0,10.0,20.43,63,3430.26,2603.62
City View,Bengaluru,Executive,Shoulder,Tuesday,0,0,47.79,59.14,55,7080.31,8096.41
The Meridian,Delhi,Deluxe,High,Monday,0,0,60.89,73.46,35,10037.54,11606.96
Grand Palace,Jaipur,Executive,Peak,Thursday,0,0,54.93,76.2,5,10611.93,13790.63
City View,Delhi,Standard,Peak,Monday,0,0,49.63,73.56,34,7198.31,8018.36
Grand Palace,Delhi,Suite,High,Thursday,0,0,28.94,38.06,20,10938.09,12000.59
Grand Palace,Delhi,Suite,Low,Monday,1,0,58.97,63.85,7,9278.35,11882.19
Grand Palace,Mumbai,Deluxe,High,Thursday,0,0,59.67,83.81,21,9772.18,11333.98
Lakeside Inn,Goa,Executive,Shoulder,Monday,0,0,22.03,29.41,48,6318.09,7634.96
Sunrise Hotel,Mumbai,Standard,Shoulder,Sunday,0,1,74.09,73.83,39,6437.1,6462.82
Grand Palace,Mumbai,Standard,Low,Thursday,0,0,44.7,60.84,33,5395.35,5139.7
Lakeside Inn,Hyderabad,Deluxe,Low,Saturday,0,1,32.05,39.0,14,6065.71,6167.55
The Meridian,Hyderabad,Deluxe,High,Monday,0,0,46.08,57.48,4,8877.25,10586.43
City View,Delhi,Deluxe,Shoulder,Tuesday,0,0,19.0,25.46,16,4534.42,4868.21
Sunrise Hotel,Mumbai,Standard,Shoulder,Friday,0,0,52.84,44.09,28,5703.42,5323.33
City View,Delhi,Deluxe,Shoulder,Saturday,0,1,53.3,61.28,21,7330.06,7727.44
Sunrise Hotel,Hyderabad,Standard,Peak,Saturday,0,1,37.2,64.51,27,8303.96,8882.44
City View,Goa,Standard,High,Monday,0,0,71.37,68.4,85,6335.6,6521.71
Sunrise Hotel,Jaipur,Deluxe,Shoulder,Friday,0,0,46.99,53.95,35,6215.12,7822.34
City View,Delhi,Deluxe,Low,Tuesday,0,0,40.67,54.15,65,4909.82,4867.52
City View,Goa,Standard,Shoulder,Saturday,0,1,63.81,61.36,19,5953.62,6429.37
City View,Jaipur,Standard,Peak,Tuesday,0,0,37.97,55.8,18,6525.28,7383.48
City View,Bengaluru,Standard,High,Thursday,0,0,67.42,61.3,10,5407.9,6437.23
The Meridian,Delhi,Standard,Shoulder,Sunday,0,1,50.08,59.93,36,6310.97,6557.33
Grand Palace,Delhi,Suite,High,Friday,0,0,78.49,83.45,15,13097.05,15820.49
Royal Residency,Bengaluru,Executive,Shoulder,Sunday,0,1,75.8,55.03,113,8045.13,9236.95
Lakeside Inn,Bengaluru,Standard,High,Wednesday,0,0,58.35,68.96,29,5800.15,6058.18
Royal Residency,Delhi,Suite,Shoulder,Thursday,0,0,25.23,31.95,31,8429.19,9952.13
Royal Residency,Bengaluru,Executive,Low,Friday,0,0,12.97,28.83,27,7103.36,6934.2
Sunrise Hotel,Mumbai,Suite,Low,Monday,0,0,20.96,27.04,20,9043.08,9779.21
Grand Palace,Jaipur,Standard,Shoulder,Sunday,1,1,36.47,57.12,67,5084.59,5299.08
Sunrise Hotel,Jaipur,Executive,Peak,Monday,0,0,80.13,100.0,42,10599.93,13219.73
Grand Palace,Jaipur,Standard,Shoulder,Tuesday,0,0,61.23,39.37,8,4172.65,4390.95
Grand Palace,Mumbai,Standard,Peak,Saturday,0,1,73.44,88.1,8,11480.55,13144.14
City View,Bengaluru,Standard,High,Sunday,0,1,60.72,80.8,11,6719.84,7827.18
The Meridian,Goa,Deluxe,Low,Wednesday,0,0,22.27,29.72,13,8389.52,8167.6
City View,Bengaluru,Standard,Low,Monday,0,0,27.79,38.91,25,1922.08,1601.3
The Meridian,Delhi,Standard,Low,Friday,0,0,54.55,53.74,60,6699.47,6638.16
Sunrise Hotel,Hyderabad,Standard,High,Sunday,1,1,70.43,87.0,35,6782.52,8049.73
The Meridian,Jaipur,Suite,Low,Sunday,0,1,38.3,27.08,10,10372.82,12120.47
Sunrise Hotel,Bengaluru,Executive,Shoulder,Saturday,0,1,48.76,63.32,17,8762.7,9990.17
Royal Residency,Goa,Standard,Shoulder,Saturday,1,1,42.82,55.29,7,6396.14,7493.89
Royal Residency,Delhi,Suite,High,Friday,0,0,36.67,55.65,30,11708.76,13591.7
The Meridian,Mumbai,Suite,Low,Saturday,1,1,52.47,68.67,58,13305.62,14605.19
The Meridian,Mumbai,Suite,Shoulder,Monday,1,0,43.61,74.32,110,13028.8,15387.4
Sunrise Hotel,Goa,Standard,Shoulder,Friday,1,0,19.86,50.19,15,6049.91,5168.59
City View,Delhi,Deluxe,Shoulder,Friday,0,0,56.68,61.51,44,6477.96,6768.0
Sunrise Hotel,Jaipur,Executive,High,Tuesday,0,0,17.66,42.83,95,7803.38,7705.48
City View,Bengaluru,Deluxe,Low,Wednesday,0,0,42.46,46.83,59,5101.54,6325.75
Royal Residency,Delhi,Standard,High,Sunday,1,1,55.2,73.43,55,7069.47,8555.89
Grand Palace,Mumbai,Deluxe,High,Tuesday,0,0,64.29,66.95,42,9175.6,10718.55
The Meridian,Goa,Deluxe,High,Wednesday,0,0,31.02,58.85,78,10633.45,11447.11
City View,Goa,Deluxe,High,Friday,0,0,42.25,44.23,18,9162.48,9906.87
Sunrise Hotel,Bengaluru,Standard,Shoulder,Sunday,0,1,38.23,42.58,45,4630.09,3652.26
Royal Residency,Goa,Standard,Low,Saturday,0,1,29.86,32.0,29,5076.39,5289.27
City View,Goa,Suite,High,Wednesday,0,0,47.9,44.7,20,9919.51,12905.13
Sunrise Hotel,Delhi,Suite,Shoulder,Friday,0,0,43.12,51.72,13,9215.45,10703.87
The Meridian,Jaipur,Standard,High,Friday,0,0,24.3,59.49,109,8567.4,8330.06
The Meridian,Bengaluru,Executive,Shoulder,Tuesday,1,0,50.6,56.23,16,9629.64,10897.85
Lakeside Inn,Delhi,Standard,Peak,Tuesday,0,0,83.9,98.42,38,7520.35,9007.47
Grand Palace,Jaipur,Deluxe,High,Saturday,0,1,54.02,68.86,46,9651.48,10800.35
Lakeside Inn,Delhi,Suite,Low,Thursday,0,0,35.76,53.88,11,7813.23,9061.41
Royal Residency,Hyderabad,Suite,Shoulder,Monday,0,0,33.61,45.39,49,9056.16,10019.04
City View,Delhi,Executive,High,Thursday,0,0,96.58,100.0,84,10079.37,12571.79
